Age,Gender,Nationality,Living Status,Home Town,Relationship Status,Faculty,Education Level,Years of Study,Completed Credit Hours,CGPA,Number of Subjects Failed,SPM Result (A),SPM Result (B),SPM Result (C),Scholarship,PTPTN,Reason Study at Multimedia University,Lecture Class Capacity,Tutorial Class Capacity,Skipping Class,Classroom Facilities,Campus Environment,Additional Course,Family Size,Parent's Education Level.Father,Parent's Education Level.Mother,Father's Occupation,Mother's Occupation,Financial Difficulties,Financial Support,Study Behavior,Study Time,Extra Curricular Activities,Part-time Job,Commute Time,Gaming,Alcohol Consumption,I have enough free time after class,Social Interaction,I hang out with friends
0,0,0,2,1,0,9,0,4,2,2,0,6,1,5,0,1,12,2,2,1,1,1,0,1,4,4,38,49,0,0,0,0,0,0,2,1,1,4,2,4
0,0,0,2,1,0,3,0,1,0,4,0,12,0,0,1,0,12,2,2,1,1,1,0,1,1,1,38,76,0,0,0,0,0,0,2,1,1,2,2,1
0,0,0,0,1,0,6,0,4,2,4,0,7,3,0,1,1,12,2,2,1,1,1,0,1,4,4,98,76,1,1,0,0,0,0,2,3,1,1,1,1
0,0,0,2,1,1,9,0,0,0,2,0,6,6,1,0,1,37,2,3,1,1,1,0,1,1,1,38,23,0,0,0,1,1,1,2,3,1,2,2,2
1,0,1,2,1,0,5,0,2,1,2,1,0,0,0,0,0,37,1,2,0,1,1,0,1,1,1,45,76,0,1,1,2,0,0,2,3,1,1,1,2
0,0,0,2,1,1,2,0,4,2,4,0,9,3,0,0,1,23,1,1,0,0,0,0,1,1,1,14,23,0,1,1,0,1,0,2,2,1,2,4,3
2,0,0,2,0,0,2,0,2,3,4,0,5,5,1,0,1,12,2,2,1,1,1,0,1,4,4,87,76,0,1,0,2,0,0,2,1,1,3,3,3
1,1,0,2,1,0,2,0,3,1,4,0,13,0,0,1,1,38,1,2,1,2,2,0,0,4,4,105,23,1,0,1,3,1,1,2,2,3,3,3,3
1,1,0,2,1,1,2,0,1,0,4,0,9,3,1,0,1,12,2,2,3,1,1,0,1,4,4,87,76,0,0,1,2,1,1,2,2,1,4,2,3
0,0,0,2,1,0,2,1,4,2,4,0,7,6,1,0,0,12,3,1,0,1,1,0,1,1,1,87,76,0,1,0,1,1,0,0,1,1,1,0,1
0,0,0,1,1,0,5,1,1,2,4,0,7,3,3,0,1,12,2,2,0,1,2,0,1,4,4,87,76,1,0,0,0,0,1,1,2,1,1,1,0
0,0,0,2,1,0,2,0,4,2,4,0,8,4,1,0,1,12,0,1,1,1,1,0,1,1,1,100,18,0,1,0,2,0,0,2,2,1,2,0,2
0,1,0,1,1,0,5,2,4,0,4,0,12,0,0,0,1,12,3,2,1,1,0,0,1,1,4,38,71,0,1,0,1,0,0,0,2,1,3,2,1
1,1,0,2,1,1,2,0,2,3,4,0,9,2,0,0,0,12,1,1,0,0,0,0,0,4,1,64,68,1,1,0,0,1,1,2,2,1,2,1,2
1,1,0,2,1,0,9,0,2,1,4,0,10,2,0,1,1,37,2,2,0,0,0,0,1,4,4,87,68,0,1,0,0,1,1,0,1,3,2,3,3
0,0,0,1,1,0,6,1,1,0,2,1,8,4,1,0,1,11,2,1,1,1,1,0,1,1,1,87,68,0,1,1,2,0,0,1,3,0,1,2,2
1,0,0,1,1,0,8,0,2,1,0,1,1,3,1,0,1,11,0,1,1,1,1,0,0,4,4,78,62,1,1,0,0,0,0,1,1,1,0,0,0
1,0,0,2,0,0,2,0,2,1,2,1,7,6,0,0,1,12,2,2,3,1,1,1,1,4,4,87,76,0,1,0,2,1,0,2,3,0,3,2,2
0,0,0,2,1,0,6,1,3,2,4,0,1,4,3,0,0,37,1,1,0,0,1,0,1,2,3,87,1,0,1,0,2,1,0,2,2,1,3,0,0
0,1,0,2,1,0,2,2,4,2,4,0,11,1,0,0,0,9,2,2,0,1,1,0,1,4,1,87,23,0,0,0,2,1,0,2,0,1,3,3,3
1,1,0,2,1,0,5,1,1,0,4,0,7,1,3,0,1,12,2,2,1,0,0,0,0,4,4,87,76,0,1,0,2,0,0,2,3,1,3,0,0
1,0,0,2,1,0,3,0,1,0,2,0,5,3,2,0,1,12,2,3,0,1,2,0,1,1,1,87,76,0,1,0,2,1,0,2,2,1,2,2,1
1,0,0,2,0,0,3,0,3,3,2,0,10,2,1,1,1,12,2,2,1,1,1,0,0,3,4,87,76,0,1,0,3,1,0,0,2,3,0,2,2
0,1,0,2,1,1,5,0,1,2,4,0,1,3,2,0,1,11,0,1,1,1,1,1,1,1,1,45,76,1,1,0,0,1,0,2,1,0,2,3,3
3,1,0,1,1,0,3,0,5,3,0,3,6,5,1,0,0,12,3,2,0,1,1,0,1,4,4,100,76,1,1,1,2,1,1,1,2,1,1,3,3
2,0,0,2,1,0,3,0,2,3,0,1,1,2,3,0,0,12,1,3,0,1,1,0,1,1,1,100,76,1,1,1,0,0,1,2,3,1,1,2,2
0,1,0,1,1,0,5,1,1,0,0,1,5,3,3,0,0,11,3,3,3,1,1,0,1,1,1,41,23,0,1,0,2,0,0,2,1,1,1,0,2
0,1,0,2,1,0,3,2,4,2,3,1,8,5,0,0,0,12,2,2,0,0,0,0,1,1,1,38,11,0,1,1,0,1,0,2,1,0,2,3,4
0,0,0,2,1,0,2,0,4,2,4,0,6,3,2,0,0,11,1,2,3,1,1,0,1,1,1,38,11,0,1,0,2,1,1,2,2,1,3,3,3
0,1,0,2,1,0,5,2,4,2,4,0,11,0,1,1,1,12,2,1,0,0,0,0,1,4,1,87,27,0,1,0,2,1,0,2,3,3,2,2,4
1,1,0,1,1,0,2,0,1,0,0,1,0,4,4,0,1,37,2,2,0,0,1,0,1,1,4,87,76,0,1,1,2,0,0,0,2,0,2,2,3
1,0,0,2,1,0,8,0,2,3,2,0,8,3,1,0,1,12,2,2,0,2,2,0,1,1,1,14,18,1,1,0,2,1,0,2,3,1,1,2,2
1,0,0,1,1,1,5,0,1,0,4,0,12,0,0,1,0,12,0,0,1,1,0,0,0,4,4,87,68,1,1,1,1,0,0,0,2,1,1,2,2
1,0,0,2,1,1,5,0,2,1,4,0,12,0,0,0,1,12,1,1,2,1,1,0,1,4,4,100,68,0,1,0,0,0,0,2,2,0,4,2,2
0,1,0,1,1,1,2,0,4,2,4,0,8,3,1,1,1,37,2,2,2,0,0,0,1,1,1,87,11,0,0,0,0,1,0,1,1,3,2,4,4
1,1,0,2,1,0,5,0,4,2,2,0,11,1,0,1,0,12,3,3,0,1,1,0,1,1,1,63,23,0,1,0,0,1,0,2,1,1,2,4,4
1,0,0,1,1,1,6,0,3,1,4,0,7,2,0,0,1,12,1,2,0,1,1,0,1,1,1,87,23,0,1,0,2,0,0,2,3,1,3,2,2
0,0,0,2,1,0,6,2,4,2,4,0,6,5,2,0,1,11,3,3,1,1,1,0,1,4,4,87,68,0,1,1,2,0,0,2,2,1,1,2,0
1,0,1,0,1,0,9,0,2,1,0,2,0,0,0,0,0,37,1,2,1,2,1,0,1,4,3,14,76,0,1,1,0,0,0,0,3,1,4,4,3
2,0,0,1,1,1,9,0,3,3,0,3,6,3,2,0,0,12,2,2,3,1,1,0,1,1,1,17,53,0,1,0,0,1,0,2,3,1,1,1,1
1,1,0,0,1,1,8,0,2,1,4,0,9,3,0,0,1,12,0,1,0,1,1,0,1,1,1,87,68,0,1,1,1,1,0,0,1,3,0,1,2
1,0,0,1,1,1,5,0,1,0,4,0,8,4,1,1,1,12,1,1,1,1,1,0,1,4,4,97,3,0,1,1,0,0,0,0,1,0,1,3,3
1,0,0,1,1,0,2,0,1,0,0,1,8,2,2,0,1,12,1,1,0,1,1,0,1,1,1,79,23,0,1,0,0,0,0,2,3,1,2,2,3
0,1,0,0,1,0,6,1,4,2,2,0,1,1,2,0,1,11,2,1,3,1,2,0,1,4,4,87,68,0,1,0,2,0,0,1,3,1,2,0,0
0,0,0,2,1,0,3,1,1,0,2,0,6,6,0,0,0,11,2,2,0,0,0,1,1,0,0,87,68,0,1,0,0,1,0,2,1,1,2,2,2
1,0,0,2,1,0,3,0,2,1,2,0,7,3,0,1,0,12,2,2,1,1,0,1,1,1,1,87,18,0,1,0,3,0,0,2,2,1,0,3,3
0,0,0,2,1,0,6,2,4,2,0,0,6,1,5,0,0,11,1,0,1,0,1,0,1,1,4,129,76,0,1,0,0,0,0,0,1,1,1,2,2
1,1,0,2,1,0,9,0,0,2,4,1,6,2,3,0,1,37,3,3,1,0,1,0,0,4,3,94,76,0,0,0,2,0,0,0,1,1,3,2,3
0,0,0,2,1,1,2,0,4,2,2,0,9,3,0,1,0,12,1,1,0,1,1,0,1,1,1,87,72,0,0,0,0,1,0,2,1,1,2,2,3
1,0,0,2,1,0,5,0,1,0,4,0,12,0,0,1,0,33,1,1,0,0,0,1,1,4,4,122,11,0,0,1,3,1,0,2,3,1,1,4,3
1,0,0,2,1,0,4,0,1,0,0,1,11,2,0,1,0,12,3,2,0,1,1,0,0,3,3,87,76,0,0,1,0,1,0,2,2,1,2,2,1
1,0,0,2,1,0,2,0,0,0,2,0,12,0,0,1,0,32,2,1,3,1,1,1,1,4,1,35,76,1,0,0,0,1,0,0,3,1,2,2,1
1,1,0,2,1,0,5,1,1,0,2,0,5,4,2,0,0,12,2,2,1,0,0,0,1,3,4,87,76,0,1,0,0,1,0,2,3,1,3,4,2
0,0,0,1,1,1,2,0,2,2,4,0,0,0,0,0,1,37,2,2,3,1,1,0,1,1,1,50,41,0,1,0,2,1,0,0,1,0,2,3,2
0,1,1,1,1,0,2,0,2,1,4,0,0,0,0,0,0,37,2,2,3,0,0,0,1,0,0,87,29,1,1,1,1,0,0,3,1,1,1,4,2
0,0,0,1,1,1,2,1,0,1,2,0,8,2,0,0,0,12,0,1,1,1,1,0,1,4,1,96,23,0,1,0,0,1,0,0,1,1,4,2,1
0,1,0,2,1,0,2,2,4,2,4,0,2,0,0,0,1,12,2,1,1,1,1,0,1,4,4,87,76,0,0,0,0,1,0,0,3,1,3,2,1
1,1,0,2,0,0,2,0,1,0,0,2,1,0,2,0,1,12,1,2,0,1,1,0,1,3,1,15,12,1,1,1,2,1,0,0,2,1,2,2,2
0,0,0,1,1,1,3,0,4,2,0,1,1,3,3,0,0,5,2,2,3,1,1,0,1,1,1,14,76,0,1,1,2,0,0,2,0,3,2,4,4
2,0,0,1,1,1,3,0,1,0,2,0,1,2,4,0,0,12,1,3,0,2,1,1,1,1,1,14,18,0,1,0,0,0,0,2,1,1,2,2,1
1,1,0,1,1,0,2,0,1,0,2,0,11,2,0,0,1,12,0,1,0,1,1,0,1,4,4,87,68,0,1,1,2,0,0,0,1,0,3,2,3
1,1,0,2,1,0,7,0,1,3,4,0,0,0,0,0,1,37,3,3,0,1,1,0,1,1,4,87,76,0,1,1,2,1,0,2,2,1,2,4,3
1,1,0,2,1,0,7,0,2,1,4,0,8,5,0,0,1,12,2,2,0,1,1,0,1,4,4,14,76,0,0,0,2,1,0,0,1,0,3,1,2
1,0,0,2,1,0,9,0,2,1,0,1,5,3,3,0,0,37,1,2,0,0,1,0,0,1,4,23,68,0,1,0,0,1,0,0,3,1,4,4,4
0,0,0,2,1,0,2,0,0,2,4,0,8,5,0,0,1,12,1,2,0,1,1,0,1,1,1,87,68,0,1,0,2,0,1,2,1,1,2,3,1
1,0,0,2,1,0,8,0,2,0,2,0,8,3,2,0,0,12,1,2,1,1,0,0,1,1,1,87,11,0,0,0,1,1,0,2,1,1,2,4,3
0,0,0,2,1,0,6,2,4,0,0,0,8,3,0,0,1,12,2,3,1,1,1,0,1,4,4,87,23,1,1,0,0,0,0,2,2,0,3,0,1
0,1,0,2,1,0,2,0,0,2,4,0,8,5,0,1,1,12,1,2,1,1,1,1,0,4,4,87,11,1,1,0,0,1,0,0,3,1,3,1,0
1,0,1,2,1,0,3,0,2,1,2,0,0,0,0,0,0,12,2,2,1,1,1,0,1,1,1,23,35,0,1,0,2,0,0,2,3,1,1,2,2
0,0,0,2,1,1,2,0,4,2,4,0,10,2,0,0,1,12,1,1,1,1,1,0,1,1,1,38,28,0,0,0,0,1,1,0,3,1,0,2,2
0,0,0,2,1,0,3,1,4,2,4,0,5,1,4,0,1,12,3,2,0,0,1,0,1,1,1,75,63,1,1,1,0,0,0,0,3,1,0,2,3
0,0,0,1,0,0,9,0,0,2,2,0,9,1,2,0,1,11,2,2,0,1,0,0,1,4,1,87,28,0,1,0,0,0,1,2,1,1,3,2,2
1,1,0,1,1,0,5,0,2,0,4,0,11,2,0,1,1,11,2,2,0,1,2,0,1,4,4,94,52,0,1,0,0,1,0,1,2,1,2,2,4
2,1,0,1,1,1,9,0,2,3,4,0,8,4,0,0,0,12,2,2,0,0,0,1,1,1,1,25,23,0,0,0,0,1,0,3,1,1,3,4,3
2,0,0,1,1,1,5,0,2,1,2,0,0,4,4,0,1,11,0,1,0,1,0,0,1,4,1,23,18,0,0,1,0,0,0,0,1,1,2,2,0
2,1,0,1,1,1,5,0,4,2,2,0,3,0,0,0,0,11,1,2,3,0,0,1,1,1,1,25,68,0,1,0,2,0,1,2,2,1,1,1,0
2,1,0,1,1,0,3,0,2,1,2,1,10,3,0,1,1,11,2,2,0,0,1,0,1,1,1,48,40,1,1,1,0,1,0,1,1,1,3,3,3
2,1,0,1,1,0,2,0,1,0,4,0,12,0,0,0,0,11,2,2,3,1,1,1,1,1,4,14,76,0,1,0,2,0,0,1,1,1,3,2,2
1,1,0,1,1,0,2,1,1,1,4,0,5,3,2,0,1,11,2,3,0,1,1,1,1,4,4,100,76,0,0,1,0,0,0,2,2,0,1,2,1
1,0,0,1,1,0,2,0,2,1,4,0,10,0,1,1,0,11,2,3,0,1,0,1,1,4,4,87,68,1,1,1,0,1,0,2,1,1,3,3,3
1,1,0,2,0,0,9,0,2,1,4,0,1,5,2,0,1,12,2,2,1,1,0,0,1,0,0,87,68,0,1,0,0,0,0,0,1,1,2,2,3
0,0,0,0,1,1,2,1,4,2,0,1,6,5,1,1,1,12,0,1,1,2,1,0,1,1,3,109,76,1,1,0,0,0,1,2,1,1,0,2,0
1,1,0,1,1,0,5,0,0,2,2,0,6,5,0,0,1,11,2,2,1,1,2,0,1,3,4,51,22,1,1,0,0,0,0,1,1,1,3,3,3
0,0,0,2,1,0,6,2,4,0,0,0,5,4,1,0,0,11,2,2,1,1,0,0,1,3,0,87,68,0,1,1,2,0,0,2,2,1,3,0,0
2,0,0,2,1,1,6,0,2,3,4,0,11,3,0,0,1,37,3,3,0,1,1,0,1,4,4,87,68,0,1,0,2,1,1,2,2,1,3,3,1
3,1,0,1,1,0,5,0,0,0,4,0,7,3,2,0,1,11,2,3,1,1,1,1,1,1,1,87,23,0,0,1,0,1,1,1,2,3,2,2,2
0,0,0,2,1,0,3,2,4,2,4,0,9,1,2,0,1,12,2,2,1,0,0,0,0,1,1,0,66,0,1,0,2,0,1,2,0,3,3,2,2
0,0,0,2,1,0,3,0,4,2,2,0,0,2,3,0,1,12,3,3,1,1,1,0,1,4,4,81,33,1,1,0,2,1,0,2,0,1,3,2,1
1,1,0,1,1,0,2,0,1,3,2,0,6,4,3,0,1,11,2,2,0,1,2,1,1,4,1,100,23,1,1,0,2,1,0,0,3,1,3,2,2
2,0,0,2,1,1,3,0,2,0,4,0,0,0,0,0,1,37,2,2,3,0,1,0,1,1,1,87,68,0,1,1,0,0,0,2,3,1,2,2,2
0,0,0,1,1,1,0,2,4,0,4,0,5,4,0,0,1,11,2,1,0,1,1,0,1,4,1,14,68,0,1,0,0,0,0,2,3,1,2,1,2
1,1,0,2,1,0,3,0,4,2,0,1,0,2,3,0,0,12,2,1,0,1,1,0,1,1,1,14,11,0,1,1,2,1,0,0,0,1,1,1,1
1,0,0,1,1,0,4,0,1,0,4,0,10,3,0,0,1,11,2,2,0,0,0,0,1,4,4,87,76,0,1,0,0,0,0,0,1,1,1,1,1
1,0,0,1,1,0,0,0,2,1,4,0,5,3,3,0,1,11,2,2,1,0,0,0,1,1,1,45,46,0,1,0,1,1,0,0,3,1,2,3,2
0,0,0,2,1,0,3,0,1,2,4,0,9,1,0,1,0,12,2,3,3,0,0,0,1,1,1,23,17,0,1,0,0,1,0,2,3,1,1,1,1
1,0,0,1,1,0,3,0,3,1,2,0,8,2,0,0,1,26,2,2,1,1,0,0,1,1,1,14,33,0,1,1,0,0,0,1,0,1,3,2,2
1,1,0,2,1,0,5,0,1,2,2,0,7,3,1,0,1,37,1,2,0,1,1,0,1,3,4,14,76,0,1,0,0,1,0,0,2,0,3,3,1
1,0,0,2,1,0,6,0,4,2,4,0,2,0,0,0,1,11,1,2,1,1,1,0,0,4,4,87,68,0,0,0,1,0,0,2,1,1,3,4,3
1,1,0,1,1,0,3,0,1,3,2,0,7,3,3,0,0,18,3,2,0,2,1,0,1,1,1,87,18,0,1,0,2,0,1,3,1,1,3,4,3
0,0,0,1,1,0,6,1,1,0,4,0,7,5,1,0,1,11,2,2,0,1,1,1,1,3,3,87,76,0,1,0,2,0,0,0,2,0,1,0,0
0,0,0,0,1,0,6,1,0,0,4,0,7,4,1,0,1,11,3,3,0,1,1,0,1,4,4,87,68,0,1,1,2,0,0,2,3,1,2,1,1
0,0,0,2,1,0,8,0,0,2,4,0,8,2,1,0,1,12,0,1,1,1,1,0,1,4,4,79,33,1,1,0,3,1,0,2,1,1,1,2,1
0,0,0,2,1,1,6,2,4,2,2,0,9,1,1,0,0,12,1,1,1,1,1,0,1,1,1,87,18,0,1,0,0,1,0,2,1,1,3,2,2
0,0,0,1,1,1,3,1,1,1,4,0,5,5,1,0,1,12,2,1,1,1,1,0,1,1,1,14,11,0,1,0,2,0,0,2,2,1,1,3,0
1,1,0,2,1,0,6,0,1,1,2,0,5,3,2,1,1,15,1,1,3,1,1,0,1,3,3,87,76,1,1,0,0,1,0,2,3,0,2,3,3
0,0,0,2,1,0,9,1,1,0,4,0,6,2,0,1,0,12,2,2,3,2,2,0,1,1,1,87,76,1,0,0,2,0,0,0,3,1,1,0,0
1,1,0,0,1,0,5,0,2,3,4,0,11,4,0,1,1,12,0,0,2,2,2,1,1,1,4,79,11,1,1,0,2,1,0,2,0,2,3,3,3
1,0,0,1,1,1,3,1,0,0,4,0,0,0,0,0,1,12,2,3,1,1,1,0,1,1,4,87,11,1,1,1,2,1,0,2,3,0,2,3,3
1,0,0,1,1,0,2,0,2,1,0,1,0,4,2,0,0,12,1,1,1,1,1,0,1,1,1,26,18,1,1,0,1,0,0,1,3,1,4,2,0
1,0,0,1,1,0,6,0,0,2,4,0,2,1,0,1,1,12,3,2,0,1,0,0,1,4,1,87,23,0,0,0,0,1,0,0,2,1,3,1,1
1,0,0,2,1,0,8,0,1,0,2,0,9,3,0,0,1,12,1,2,1,1,1,0,1,0,0,87,76,0,1,0,1,1,0,2,3,1,3,2,1
1,0,0,1,1,0,2,0,1,0,2,1,3,0,0,0,0,12,1,2,3,1,0,0,1,1,1,38,28,0,1,0,2,0,0,0,1,1,3,2,2
1,1,0,0,1,0,8,0,2,1,2,0,2,0,0,0,1,12,0,1,3,1,1,0,1,1,4,0,76,0,1,0,0,1,0,2,3,3,2,2,2
0,0,0,1,1,0,2,0,1,2,4,0,8,4,0,1,0,12,1,2,0,1,1,0,1,1,1,100,76,1,1,0,0,1,0,1,0,1,3,2,2
1,0,0,2,1,0,5,0,1,0,4,0,11,1,0,1,0,12,0,1,0,0,1,0,1,4,4,87,76,1,1,0,0,1,0,2,3,1,2,2,3
0,1,0,0,1,1,5,0,1,0,3,1,6,3,3,0,0,12,2,2,0,1,1,0,1,1,1,100,18,0,0,1,0,0,0,0,2,3,2,2,2
1,1,0,2,0,0,6,0,0,0,0,0,1,2,3,0,1,12,2,3,1,0,0,0,0,3,4,87,23,1,1,0,2,0,1,2,3,0,1,1,1
1,0,0,2,1,1,2,0,2,1,4,0,2,1,0,0,1,12,1,1,1,1,1,0,1,1,4,87,76,0,1,0,2,1,0,2,1,1,3,3,2
1,1,0,2,1,0,5,0,2,1,2,1,7,3,1,0,1,12,1,2,3,1,1,0,1,1,1,100,85,0,1,0,2,1,0,2,2,3,3,3,3
0,0,0,1,1,0,6,0,4,2,4,0,5,0,3,0,0,11,1,1,1,0,0,0,1,4,4,87,76,0,1,1,0,0,0,0,3,1,4,3,3
0,1,0,1,1,0,2,0,0,0,4,0,6,7,0,0,0,11,0,0,1,0,0,0,1,1,1,38,18,0,1,1,0,1,0,0,1,1,1,1,1
1,0,0,2,0,0,6,0,1,0,4,0,9,1,3,0,1,11,2,2,1,0,0,0,1,3,4,87,76,0,1,0,0,0,0,2,3,1,3,3,4
3,1,0,1,1,0,2,0,5,3,2,2,1,5,2,0,1,12,0,0,0,0,0,0,1,1,1,45,84,1,1,0,0,0,1,1,2,1,3,3,2
2,1,0,1,1,1,9,0,1,2,2,1,6,3,3,0,1,12,3,3,0,1,2,1,1,4,4,87,76,1,1,1,0,0,1,3,3,0,1,2,1
0,0,0,2,1,0,8,0,4,2,2,1,10,2,0,0,1,12,2,2,3,0,1,1,0,4,4,87,18,0,1,0,0,1,0,0,3,1,2,2,3
0,1,0,1,1,0,2,2,0,0,0,1,6,1,2,0,0,11,1,2,0,0,0,0,1,3,4,87,23,0,1,1,2,1,0,2,2,1,4,2,4
1,0,0,2,1,1,2,0,2,3,0,2,8,2,2,0,1,12,1,2,3,0,0,0,0,1,1,101,23,0,1,0,0,1,1,2,3,1,3,1,1
1,0,0,1,1,1,5,0,2,3,4,0,5,2,3,1,0,11,2,2,0,0,0,0,1,4,1,87,23,0,1,0,2,0,1,0,1,0,2,3,3
0,1,0,1,1,0,2,0,2,2,2,0,6,2,4,0,0,12,2,2,0,1,1,0,1,1,1,11,9,1,1,0,2,0,0,1,0,1,3,4,4
1,0,0,1,1,0,6,0,0,0,4,0,0,0,0,0,0,12,2,3,0,1,2,1,1,4,4,87,76,0,1,0,2,1,1,1,1,0,1,2,2
1,0,0,1,1,0,5,0,2,0,2,1,8,3,1,1,1,11,1,1,0,1,1,0,1,1,1,14,11,0,1,1,2,0,0,0,0,1,1,0,0
1,1,0,1,1,0,2,0,1,2,4,0,10,2,0,1,1,12,2,2,3,1,1,0,0,4,1,14,11,1,1,0,2,0,0,3,2,0,2,3,3
1,0,0,2,1,0,8,0,3,0,2,0,8,2,1,1,0,12,0,2,3,1,0,0,1,1,1,23,76,0,1,1,0,1,0,2,2,1,1,3,4
0,0,0,2,1,1,8,2,0,1,0,2,7,3,0,0,0,16,2,3,3,2,2,1,1,0,0,26,13,0,0,0,2,1,0,2,1,1,1,1,0
1,1,0,1,1,0,2,0,2,1,4,0,1,2,3,0,0,11,3,0,0,2,1,0,1,1,1,87,23,0,1,1,2,0,0,1,0,0,3,0,2
1,1,0,2,1,1,5,1,3,0,2,0,0,1,4,0,1,12,2,2,0,1,1,1,1,0,0,100,76,0,0,1,0,1,0,1,0,0,2,2,2
1,0,0,2,1,0,9,0,1,3,4,0,12,0,0,1,0,12,2,2,0,1,0,1,1,1,1,87,23,0,1,0,0,1,0,0,3,1,1,3,2
0,0,0,1,1,0,6,0,1,0,4,1,1,5,1,0,1,11,2,2,1,1,0,0,1,4,1,100,18,0,0,0,0,0,1,2,3,1,2,2,2
1,1,0,2,1,1,5,0,1,1,4,0,6,5,2,0,1,12,2,2,1,1,1,0,1,4,3,87,76,0,0,0,0,0,0,2,2,0,3,3,1
0,0,0,2,1,0,3,1,1,1,4,0,9,3,0,1,0,12,1,0,0,1,1,0,1,1,1,102,93,0,1,0,2,1,1,2,3,1,2,3,3
0,0,0,2,1,0,0,0,4,2,4,0,9,4,2,0,1,12,2,2,0,0,0,0,1,1,1,80,64,0,1,0,2,1,0,0,3,0,1,1,2
0,0,0,2,1,0,3,1,0,0,2,1,5,2,3,0,1,12,2,1,0,1,0,0,1,1,1,23,18,0,0,0,0,0,0,0,2,0,2,1,2
0,1,0,2,1,1,3,2,4,0,2,0,7,6,0,0,1,12,2,2,1,0,1,0,1,4,4,87,76,0,0,0,0,0,0,0,0,1,2,1,1
0,1,0,2,1,0,5,1,1,3,4,0,9,3,0,0,1,12,2,2,0,0,0,0,1,1,4,14,68,0,1,0,2,0,0,0,1,1,3,1,2
0,0,0,2,0,0,8,0,0,0,2,0,11,2,1,0,1,12,1,2,0,1,1,0,1,4,1,38,76,0,1,1,0,1,0,2,2,1,2,2,3
0,0,0,1,1,0,3,2,4,2,4,0,8,3,1,0,0,11,2,2,1,0,0,0,1,1,1,38,76,0,1,0,2,0,0,0,1,0,2,1,2
1,1,0,1,1,0,2,0,1,1,4,0,9,3,0,1,0,12,1,1,3,0,0,1,1,1,1,82,33,0,1,0,2,1,0,0,0,1,4,0,0
0,0,0,1,1,1,5,0,4,2,2,0,5,5,2,0,1,11,1,2,0,0,0,0,1,3,3,87,68,0,1,0,2,1,0,1,2,0,2,3,1
1,1,0,2,1,1,4,0,3,3,2,0,1,4,2,0,0,11,3,3,1,0,0,0,1,4,4,85,12,0,1,0,1,1,0,2,3,3,4,4,4
0,1,0,2,1,0,5,1,4,2,2,0,6,4,3,0,1,12,2,2,1,1,1,0,1,4,4,87,76,0,1,0,2,0,0,2,1,3,2,1,2
1,0,0,1,1,0,3,0,1,2,2,0,10,3,0,1,1,12,1,2,1,1,0,0,1,4,4,87,68,1,1,1,2,0,1,1,0,1,2,3,2
3,0,1,0,1,1,1,0,5,3,4,0,4,0,0,1,1,11,3,3,2,2,2,1,1,0,0,93,7,0,1,0,3,0,0,3,0,1,4,0,0
0,1,0,2,0,1,6,0,1,1,4,0,1,1,4,0,1,37,2,2,0,1,1,0,1,4,4,87,76,0,0,0,2,1,1,2,1,1,2,2,2
0,1,1,0,0,0,5,0,4,2,2,0,0,0,0,1,0,12,1,1,0,1,1,0,1,0,0,87,68,0,0,1,2,1,1,2,1,1,1,1,1
0,0,0,1,1,0,9,0,0,2,0,0,0,3,1,0,1,12,2,2,1,1,1,0,1,4,4,87,76,1,1,0,0,0,0,0,2,1,0,1,4
0,0,0,2,1,0,6,2,4,2,4,0,6,4,3,0,1,11,2,2,0,1,0,0,1,1,1,74,55,0,0,0,0,0,0,2,1,0,3,2,2
3,1,1,2,1,0,3,0,4,2,2,0,0,0,0,1,0,8,2,1,0,1,1,0,1,4,1,87,28,1,1,0,0,1,0,0,2,1,4,1,0
1,1,0,2,1,0,5,0,2,0,4,0,8,2,0,0,0,37,0,3,1,1,1,0,1,4,1,14,68,0,1,0,1,0,0,0,2,1,1,2,0
0,0,0,2,1,0,5,0,0,0,4,0,5,9,0,0,1,37,2,2,1,0,0,1,0,1,1,45,23,0,0,1,0,0,0,1,1,3,3,2,1
1,1,0,2,1,0,0,0,2,1,4,0,8,2,1,0,1,12,3,2,1,1,1,0,1,1,4,38,76,0,1,1,0,1,1,2,3,1,3,4,4
1,0,0,2,1,0,3,1,2,1,0,2,0,0,0,0,0,1,3,3,0,1,2,0,1,1,1,87,28,0,1,1,0,1,0,2,2,1,0,2,2
0,0,0,2,1,0,8,2,4,2,2,0,12,0,0,1,0,12,1,2,0,1,1,0,1,1,1,34,76,0,1,0,0,0,0,2,2,1,4,2,2
0,0,1,0,1,0,2,0,1,0,2,0,0,0,0,1,0,37,2,2,0,1,2,0,1,1,1,47,76,0,1,0,0,1,0,0,3,1,2,2,1
0,1,0,2,1,0,5,1,1,0,4,0,6,3,2,0,1,12,1,1,3,1,1,0,0,4,4,130,18,1,1,0,2,0,0,2,0,0,2,1,0
1,0,0,1,1,1,6,0,2,2,2,0,0,0,0,0,1,11,2,2,0,2,1,0,1,4,4,87,18,0,0,0,0,0,0,0,3,3,2,2,2
0,0,0,2,1,1,8,0,0,2,1,1,8,0,2,0,1,12,0,2,0,0,0,0,1,1,1,27,2,0,1,0,0,0,0,2,3,1,2,0,0
0,0,0,2,1,0,2,2,4,2,4,0,3,0,0,0,1,12,1,1,0,1,1,0,1,1,1,82,59,0,1,0,2,1,0,0,1,1,0,2,1
1,1,0,1,1,1,5,0,1,0,2,0,1,3,3,1,1,11,0,2,1,0,0,1,1,4,4,87,68,1,1,0,2,1,1,2,3,0,1,3,2
1,0,0,2,1,1,8,0,1,0,2,0,9,4,0,1,1,12,0,1,0,1,1,0,1,4,1,87,74,0,1,0,1,1,1,2,3,1,2,1,1
1,1,0,2,1,0,9,0,2,1,4,0,2,0,0,1,1,3,2,2,0,1,1,0,1,4,4,87,68,0,1,0,2,0,0,2,1,1,4,1,2
1,0,0,1,1,0,2,0,1,0,4,1,0,0,0,0,1,12,1,2,3,1,0,1,1,1,1,14,76,0,1,0,1,0,0,2,1,1,2,2,2
1,0,0,0,1,1,6,0,2,1,4,0,8,5,0,0,1,12,2,1,0,1,1,0,1,4,4,87,76,0,1,0,0,1,0,0,3,1,2,3,2
1,0,0,1,1,0,2,0,5,3,2,0,7,5,2,0,1,12,2,2,2,1,0,0,1,1,1,123,76,1,1,0,0,1,1,0,3,3,1,1,2
1,0,0,2,1,0,3,0,4,2,0,0,5,3,4,1,0,11,2,2,1,0,1,0,1,1,1,103,78,1,1,1,0,0,0,0,3,1,1,0,3
2,0,0,1,1,0,2,0,2,3,2,1,8,4,2,0,1,12,0,1,0,1,1,0,1,4,4,87,76,0,1,0,0,1,0,1,2,1,3,1,1
0,1,0,0,1,0,5,1,1,0,4,0,6,4,1,0,1,12,0,1,1,1,1,0,1,4,4,87,28,0,1,1,1,0,0,2,2,0,2,2,3
1,0,0,2,1,1,9,2,4,0,4,0,7,4,1,0,1,37,0,1,0,1,1,0,1,4,4,87,18,0,1,0,2,0,0,0,1,1,1,1,2
1,0,0,1,1,0,2,0,1,0,4,0,2,1,0,1,0,19,2,2,1,1,1,1,1,1,1,14,68,0,1,1,0,1,0,0,1,1,3,2,2
1,1,0,1,1,0,2,0,1,0,0,1,8,2,0,0,0,11,1,2,1,0,1,0,1,4,4,83,76,0,0,1,1,0,0,1,2,1,2,2,2
1,1,0,1,1,1,2,0,0,0,1,1,6,0,5,0,0,12,2,3,0,0,0,0,1,1,1,87,76,0,1,0,2,0,0,1,3,1,2,2,3
0,0,0,1,1,0,0,2,4,2,4,0,9,2,1,0,0,12,2,3,0,1,0,0,1,1,1,59,28,0,1,0,0,1,0,1,3,1,3,4,3
1,0,0,2,1,0,3,0,1,1,4,0,5,3,0,0,0,12,2,2,0,0,0,0,1,1,1,87,76,0,1,0,0,0,0,2,0,1,1,2,2
2,0,0,1,1,1,2,0,2,1,4,0,9,0,3,0,0,11,2,2,0,0,0,0,1,1,1,45,11,0,1,0,0,1,0,0,2,1,3,1,1
1,1,0,2,1,0,3,0,4,1,4,0,6,3,3,0,0,12,2,2,1,1,1,1,1,1,4,108,76,0,0,0,0,1,0,2,1,1,1,3,2
0,1,1,0,1,0,5,0,2,3,2,0,0,0,0,0,0,12,2,2,3,0,0,1,1,1,1,27,76,0,1,0,2,1,0,2,2,1,3,2,4
1,0,0,1,1,0,8,0,3,3,4,0,9,4,0,0,1,7,3,3,1,1,0,0,1,4,4,100,76,0,1,0,1,1,0,2,2,1,3,1,0
0,0,0,2,1,0,3,1,4,2,4,0,0,5,3,1,0,12,2,2,3,0,0,0,1,1,1,87,68,1,1,1,2,1,0,1,1,1,2,1,3
0,0,0,2,1,0,3,0,4,2,4,0,0,0,0,0,1,12,2,2,1,0,0,0,1,1,1,26,76,0,1,0,1,1,0,2,0,1,2,3,4
0,0,0,1,1,0,9,1,1,0,4,0,9,2,2,0,1,11,2,2,1,1,1,0,1,4,1,87,76,0,1,0,0,0,1,0,2,1,2,1,1
0,0,0,0,1,1,8,2,4,0,2,0,7,0,3,0,0,12,0,2,0,0,0,0,1,4,4,87,11,0,0,0,0,0,0,2,2,3,1,1,3
0,0,0,1,1,0,8,2,4,2,2,0,8,3,1,0,0,12,1,2,0,0,0,0,1,1,1,23,18,0,1,0,2,1,0,2,3,1,3,2,2
1,1,0,1,1,1,2,0,2,1,4,0,10,2,1,1,0,11,1,2,1,1,1,0,1,1,1,87,37,0,1,0,2,1,0,0,2,1,4,4,4
3,1,0,0,1,1,9,0,1,1,2,0,7,2,1,0,0,11,2,2,3,2,0,1,1,4,4,14,23,0,1,0,2,0,0,2,0,3,4,0,1
1,1,0,1,1,0,2,0,1,0,4,0,10,3,0,0,1,11,1,1,0,0,0,1,1,1,1,28,76,0,1,1,2,0,0,1,2,0,3,3,3
0,1,0,2,1,0,5,0,1,0,0,0,0,0,4,0,1,11,1,1,3,1,1,0,1,4,1,87,23,0,1,0,2,0,0,2,2,1,4,1,0
0,0,0,1,1,0,2,0,4,2,4,0,10,2,0,1,0,42,1,1,0,1,1,0,1,4,4,38,76,0,1,0,1,1,0,1,1,1,1,2,1
1,0,1,1,1,0,9,0,4,0,4,0,8,3,1,0,0,11,2,2,3,0,1,0,1,1,4,69,76,0,0,1,0,1,0,0,3,1,4,3,4
0,0,0,1,1,0,2,0,0,0,4,0,0,0,0,1,1,12,0,1,1,2,1,1,1,1,1,23,76,1,1,0,1,0,0,0,0,1,2,0,0
0,0,0,2,1,0,6,1,4,2,2,0,0,2,1,0,1,37,2,2,1,0,0,0,1,4,4,128,89,0,1,0,2,0,0,2,3,1,1,3,3
1,1,0,1,1,0,5,0,4,2,4,0,9,3,1,0,1,12,3,3,0,1,1,0,1,1,4,87,23,0,0,0,2,1,1,0,1,0,2,2,2
0,0,1,2,1,0,9,0,4,2,3,1,0,0,0,0,0,12,2,3,0,1,1,0,0,4,1,14,18,0,1,0,0,0,0,2,1,1,2,1,2
0,1,0,2,1,0,5,1,4,2,2,0,6,3,2,0,1,11,2,2,0,0,0,0,1,4,4,89,4,0,1,0,2,0,0,2,2,0,3,2,1
1,0,0,1,1,0,9,0,1,2,2,0,11,3,0,0,1,11,2,2,0,1,1,0,1,3,4,60,76,0,0,1,1,1,1,1,1,1,2,1,1
1,0,0,2,1,0,2,0,0,0,4,0,12,0,0,1,0,21,1,1,0,1,2,1,1,1,1,87,18,0,1,0,0,1,0,2,3,1,3,2,0
1,0,0,1,1,0,9,0,2,3,4,0,11,1,0,0,0,12,2,2,0,1,1,1,1,1,1,38,68,0,1,1,0,1,0,0,0,1,3,4,2
1,0,0,2,1,0,2,0,1,0,4,0,11,0,0,1,1,12,2,3,3,1,2,0,1,1,1,87,76,0,1,0,2,1,0,0,2,1,2,1,3
1,0,0,0,1,0,3,1,2,1,4,0,5,1,1,0,1,41,1,2,3,1,1,0,1,1,4,87,68,1,1,0,1,1,0,2,2,0,2,2,4
0,0,0,2,0,1,6,1,4,2,2,0,1,8,0,0,0,37,3,3,0,1,0,0,0,2,1,46,68,1,1,0,0,1,0,2,2,1,1,3,3
1,1,0,0,1,0,5,1,1,0,2,0,1,0,3,0,1,31,2,2,2,0,0,0,0,2,1,1,23,0,1,0,0,0,1,1,2,1,2,1,2
0,1,0,1,1,0,9,2,0,1,0,1,6,3,3,0,0,12,1,1,1,0,0,0,1,0,0,57,76,0,1,0,0,1,1,0,1,1,2,0,0
0,0,0,2,1,0,2,2,0,0,4,0,0,0,0,0,1,12,1,1,0,1,1,0,1,4,1,87,68,0,1,0,0,0,0,1,1,1,2,0,0
1,1,0,1,1,0,5,0,2,1,4,0,7,4,2,0,1,11,1,1,0,0,0,0,1,4,4,87,76,0,1,1,2,1,1,0,2,1,2,2,3
0,1,0,1,1,0,5,0,4,2,0,3,13,2,4,0,0,11,1,2,0,1,0,0,1,4,1,112,76,0,1,1,2,0,0,0,0,1,4,2,1
0,0,0,2,1,0,9,2,4,2,4,0,11,2,0,0,1,37,2,2,0,0,0,0,1,4,4,87,76,0,1,0,2,1,0,2,3,1,2,2,2
0,0,0,2,1,0,6,1,4,2,4,0,6,1,2,0,1,37,1,1,1,0,0,0,1,4,4,22,10,0,1,0,0,0,0,2,1,0,1,2,1
0,0,0,1,1,0,8,0,0,2,0,0,8,1,2,0,0,11,3,3,0,1,0,0,1,4,4,12,76,0,1,0,0,1,0,1,3,1,2,3,2
0,1,0,0,1,1,2,0,0,0,4,0,0,0,0,0,0,12,1,1,2,1,1,1,1,1,1,38,76,0,1,0,2,1,0,1,2,1,3,4,4
0,1,0,2,0,1,5,1,4,2,4,0,6,3,1,0,1,11,2,1,1,0,0,0,1,4,1,40,76,0,1,1,2,1,0,2,2,0,3,3,2
0,0,0,1,1,0,6,0,4,2,4,0,10,2,1,0,1,11,1,1,1,1,1,0,1,1,1,27,45,0,1,0,0,1,0,0,1,0,4,1,0
0,0,0,1,1,0,5,0,4,2,4,0,12,0,0,1,0,11,2,2,1,1,1,0,1,4,4,87,68,0,0,0,0,1,0,0,3,1,1,4,1
0,1,0,2,1,1,5,0,4,0,2,0,1,1,0,0,1,12,1,1,0,1,1,0,1,4,1,87,76,0,1,0,0,1,0,2,2,3,2,2,3
0,0,1,1,1,0,3,1,0,2,4,0,0,0,0,0,0,12,3,3,1,0,1,0,1,1,1,23,76,0,1,1,1,1,0,2,1,1,1,2,1
2,0,0,1,1,0,2,0,1,0,2,1,6,2,4,1,1,12,1,1,1,0,0,0,1,4,1,83,5,1,0,0,0,0,0,1,1,1,4,1,0
1,0,0,1,1,1,0,0,1,0,4,0,1,4,1,0,1,11,2,1,3,0,0,1,1,1,1,31,23,0,1,0,0,0,0,0,3,3,3,3,2
0,1,0,1,1,1,5,1,0,0,4,0,7,2,3,0,0,11,1,2,0,1,0,0,0,4,1,100,94,0,1,0,1,0,0,0,2,1,2,1,1
0,0,0,1,1,0,9,2,4,2,4,0,1,3,3,0,0,30,2,2,1,1,1,0,1,4,4,87,68,0,1,0,2,1,0,3,1,1,1,2,2
1,0,0,2,1,0,2,0,1,0,4,0,0,0,0,1,1,37,0,2,0,0,0,0,0,4,4,87,76,1,1,0,2,0,0,0,1,1,2,1,0
1,1,0,1,1,0,3,0,1,0,2,0,6,3,1,1,1,12,2,2,0,0,0,0,1,3,4,100,14,1,1,0,2,0,0,1,3,1,2,2,2
0,0,0,0,1,0,8,0,4,2,2,0,12,0,0,0,1,12,0,2,0,1,1,0,1,1,1,87,23,0,1,0,2,1,0,2,3,1,2,2,3
1,0,0,1,1,0,5,0,2,1,4,0,0,6,2,1,1,11,1,2,0,1,1,1,1,1,1,87,76,1,0,0,0,0,0,0,3,0,3,2,2
0,0,0,2,1,0,2,0,1,0,2,1,11,1,0,0,0,12,0,1,0,2,2,1,1,1,1,87,76,0,0,1,2,0,0,2,3,1,0,2,2
0,0,0,1,1,0,6,0,0,0,2,0,9,2,1,0,1,11,2,3,0,1,1,0,1,1,1,87,68,0,1,0,2,1,1,0,3,1,0,2,4
3,1,0,0,0,1,8,0,5,3,0,3,8,3,2,0,1,37,0,1,3,1,1,0,1,0,4,14,76,1,0,1,2,0,0,0,3,1,4,0,0
1,1,0,1,1,1,6,0,2,3,4,0,5,4,2,0,1,11,2,2,1,1,1,1,1,1,1,98,23,0,0,0,0,1,1,2,2,0,3,3,2
0,0,0,2,1,0,0,1,4,2,4,0,0,3,2,0,1,12,2,2,0,1,1,0,0,4,4,87,68,1,1,1,2,0,0,2,3,0,4,2,2
0,0,0,2,0,0,9,1,4,2,4,0,1,2,2,0,0,43,2,2,1,1,0,0,1,3,4,39,83,0,0,0,2,0,0,0,2,1,2,1,1
0,0,0,2,1,1,9,2,4,2,4,0,10,3,0,0,1,37,1,1,0,0,1,0,1,4,1,87,18,0,1,0,0,1,0,1,1,0,2,2,1
0,1,1,0,1,0,5,0,2,1,2,0,0,0,0,1,0,12,1,2,0,2,1,0,1,1,1,38,76,0,1,0,0,1,0,0,1,1,1,2,2
0,0,0,1,1,0,0,0,2,2,4,0,1,4,1,0,1,12,2,2,0,1,0,0,1,1,4,6,68,0,1,0,0,1,0,0,1,1,2,4,2
1,0,0,0,1,1,2,0,1,3,2,0,9,4,0,1,0,37,2,2,0,1,0,1,0,1,1,87,39,0,1,0,0,1,1,2,1,1,4,2,3
2,0,0,1,1,0,7,0,3,3,0,1,7,1,3,0,0,37,2,2,0,0,0,0,1,1,1,38,18,0,1,0,0,0,0,1,3,1,3,3,3
1,1,0,1,1,0,2,0,2,3,2,1,6,5,2,0,1,11,2,2,2,1,1,0,1,1,1,87,68,1,1,0,0,1,1,0,0,0,4,1,1
1,0,0,0,0,1,2,0,4,2,0,0,5,4,2,0,1,12,1,1,1,1,0,0,1,1,4,65,76,0,1,0,0,0,0,0,3,1,2,2,2
1,0,0,2,1,0,6,1,1,0,2,0,5,2,3,0,1,11,1,1,0,1,1,0,1,4,1,87,68,0,1,0,0,0,0,2,3,1,3,3,1
0,1,0,1,1,0,9,2,4,2,4,0,8,2,2,0,1,12,2,2,1,1,1,1,1,1,4,79,31,0,1,0,0,1,0,0,2,3,2,2,2
2,1,0,1,1,1,7,0,5,3,2,1,12,0,0,0,0,12,2,2,3,1,1,0,1,1,1,45,28,0,1,0,0,0,1,2,0,1,3,2,2
2,1,0,1,1,0,2,0,5,3,0,3,6,5,2,0,0,12,2,1,0,1,0,0,1,1,1,82,76,0,1,1,2,0,0,1,0,1,4,1,2
2,0,0,1,1,1,2,0,2,3,2,0,0,0,0,0,0,11,1,2,0,1,0,0,1,1,1,45,18,0,1,0,0,0,0,0,0,1,2,1,2
1,0,0,2,1,0,0,0,1,3,4,0,5,4,2,1,1,12,2,2,0,2,1,0,1,1,1,14,76,1,1,0,0,1,0,0,3,1,2,4,3
1,0,0,1,1,1,9,0,2,0,0,1,6,2,2,0,1,11,2,1,1,1,1,0,1,4,1,87,23,0,0,1,2,0,1,1,2,1,2,2,2
2,1,0,0,1,0,7,0,2,1,0,2,5,1,4,0,1,12,3,2,3,1,1,1,1,4,1,91,76,1,1,0,0,1,0,2,3,2,2,1,1
1,1,0,2,1,0,5,0,0,0,4,0,2,0,0,1,0,12,0,1,0,0,0,0,1,4,3,100,68,0,1,0,0,1,0,2,0,1,4,2,2
2,1,0,2,1,1,2,0,1,3,4,1,6,2,4,1,0,37,0,2,0,1,0,1,1,3,1,18,68,1,0,0,2,0,1,0,1,0,1,2,2
0,1,0,0,0,0,7,2,4,1,4,0,11,2,0,0,0,22,1,2,1,1,2,0,1,1,4,38,6,0,0,0,0,1,0,0,0,0,1,2,2
1,0,0,2,1,0,8,0,2,3,0,0,6,4,2,0,0,12,1,2,0,1,1,0,1,1,1,45,76,0,1,0,0,0,0,2,1,1,3,3,3
0,1,0,2,1,0,2,1,1,0,3,1,8,4,2,0,0,11,1,1,0,0,0,0,1,0,0,87,18,0,1,0,0,0,0,0,2,1,2,2,2
2,1,1,0,1,0,5,0,1,0,2,0,8,5,3,0,0,28,3,2,1,1,2,1,1,4,4,126,33,1,0,0,1,1,0,0,3,1,1,2,2
1,1,0,1,1,0,2,0,2,1,4,0,0,0,0,0,0,12,0,1,0,1,1,0,1,1,1,7,11,0,1,0,0,1,0,1,2,1,1,2,2
0,1,0,1,1,0,6,2,4,2,0,0,6,3,2,0,0,11,1,2,0,0,0,0,1,1,1,87,68,0,1,0,2,0,0,2,2,1,2,2,2
0,1,0,1,1,0,3,2,4,2,2,0,6,2,2,0,1,12,2,2,0,1,0,1,1,1,4,19,56,0,1,0,2,0,0,1,0,1,3,2,2
0,1,0,1,1,1,9,1,4,2,1,1,6,0,4,0,0,37,1,1,0,0,0,1,1,1,1,87,23,0,1,0,2,0,0,0,2,3,1,2,2
2,0,0,0,0,1,6,0,2,3,4,0,11,2,0,0,1,12,2,3,3,2,1,0,1,4,4,87,23,0,1,0,2,1,1,1,2,2,4,3,4
1,0,0,1,0,0,6,0,1,1,4,0,0,0,0,0,1,11,3,2,3,1,1,0,0,1,4,54,68,0,0,0,2,1,1,0,2,1,1,2,2
0,0,0,1,1,0,9,1,1,0,4,0,10,3,0,0,1,37,2,2,3,1,0,0,1,1,1,38,23,0,1,1,0,0,0,1,2,1,2,4,4
1,1,0,2,1,0,5,0,4,2,4,0,8,4,3,0,1,12,1,2,3,1,1,0,1,1,1,87,76,1,0,1,2,1,1,2,2,0,3,1,2
1,0,0,2,1,0,5,0,0,2,4,0,12,0,0,0,1,12,3,2,3,1,1,0,1,4,1,87,68,1,1,1,0,0,0,0,3,1,2,2,3
0,1,0,2,1,0,5,1,0,2,3,1,0,1,6,0,0,12,1,2,0,1,1,0,1,4,4,33,76,0,1,0,0,0,0,2,0,0,3,0,1
1,1,0,0,1,0,2,0,3,0,4,0,10,1,1,0,1,11,1,2,0,0,1,0,1,1,1,3,68,0,1,0,2,0,0,2,2,1,2,2,1
0,0,0,2,1,1,3,1,4,0,2,0,1,3,4,0,1,12,2,2,1,0,1,0,1,4,4,87,28,0,0,1,0,1,0,0,2,0,1,2,2
0,0,0,2,1,0,0,2,4,0,4,0,9,4,0,0,1,12,2,2,1,1,0,0,1,1,1,87,18,0,1,0,0,0,1,0,1,1,2,3,1
0,1,0,1,1,0,5,0,0,2,2,0,7,2,2,0,0,11,2,2,1,1,1,0,1,1,4,87,68,0,0,0,0,1,0,0,1,1,3,2,2
1,0,0,2,1,0,2,0,2,1,4,0,7,3,2,0,1,12,2,2,1,1,1,0,1,4,4,87,68,0,1,1,0,0,0,2,2,1,1,1,2
0,0,0,2,1,0,3,1,1,1,2,0,0,0,0,0,1,12,1,3,3,1,1,0,1,1,1,59,68,0,1,0,1,0,0,0,3,0,1,3,4
0,1,0,1,1,0,5,0,0,2,0,0,6,3,1,0,0,11,2,3,1,1,1,0,1,1,1,87,68,0,0,0,2,0,0,2,1,1,1,0,1
1,0,0,2,1,0,6,1,1,0,0,1,1,4,4,0,1,12,0,1,0,1,1,0,1,0,0,87,33,0,0,0,1,0,0,3,1,1,3,3,3
1,0,0,0,1,0,2,0,2,0,4,0,10,2,1,0,0,12,2,2,0,1,1,0,1,1,3,14,23,0,0,0,2,0,0,0,2,1,2,2,1
0,1,0,1,1,0,5,1,1,1,0,1,1,2,3,0,0,11,2,2,0,1,1,0,1,4,4,14,11,0,1,0,2,0,0,2,2,1,3,2,3
1,0,0,2,1,0,5,0,1,1,4,0,6,1,5,0,1,12,0,1,3,1,2,0,1,4,4,87,68,0,1,1,1,1,0,2,3,3,2,3,4
1,0,0,1,0,0,6,0,4,1,4,0,8,3,2,0,1,11,2,2,1,1,1,0,1,1,4,87,76,0,0,1,2,0,0,0,1,0,1,1,1
0,0,0,2,1,1,6,2,0,2,2,0,0,2,3,0,1,12,2,2,1,0,0,0,1,1,1,87,18,0,0,1,1,1,0,0,1,3,3,2,4
0,1,0,2,1,0,2,0,1,0,4,0,0,0,0,1,1,12,0,1,1,1,1,0,1,1,1,87,76,0,1,0,1,0,0,2,3,1,2,2,2
0,0,0,2,1,0,5,1,4,2,4,0,5,5,1,0,0,11,2,2,1,1,0,0,1,0,0,117,77,0,1,0,2,0,0,2,2,0,3,2,2
0,0,1,1,1,0,7,2,4,2,4,0,0,0,0,0,0,12,1,1,0,0,0,0,1,1,1,87,68,0,1,0,0,1,0,0,3,1,3,2,3
2,1,0,0,0,0,2,1,0,0,1,1,7,1,3,0,0,12,2,3,0,1,1,0,1,1,4,45,76,1,0,0,1,0,0,0,0,0,1,2,1
0,0,0,1,1,0,5,2,4,2,4,0,2,0,0,0,1,24,2,1,1,1,1,0,0,1,1,106,80,0,1,0,0,0,0,1,3,1,3,0,0
0,0,0,1,0,0,6,2,4,2,0,0,5,4,3,0,0,0,3,3,1,1,1,0,1,1,1,1,0,1,1,0,0,0,0,1,2,3,2,2,2
0,1,0,2,1,1,5,1,4,2,2,0,8,2,1,0,1,12,1,1,0,1,1,0,1,1,4,87,68,0,0,0,2,1,0,2,1,0,2,3,3
1,1,0,2,1,0,5,0,5,3,4,0,1,1,2,0,0,37,0,1,1,0,1,1,1,4,4,87,76,0,1,1,2,0,0,2,2,1,1,0,1
1,0,0,1,1,0,5,0,2,1,2,0,8,3,2,0,1,11,2,2,1,1,1,0,1,4,4,87,68,1,1,0,2,0,0,0,2,1,3,2,2
0,0,0,1,1,0,9,1,1,1,2,0,7,3,1,0,0,11,2,2,0,1,1,0,1,0,0,67,23,0,1,0,1,0,0,0,1,1,3,0,0
1,0,0,2,1,1,5,0,1,0,2,1,8,2,1,0,1,37,1,1,1,1,2,0,1,4,4,87,68,0,1,1,3,0,1,2,0,1,4,4,4
0,1,0,0,1,0,8,0,4,2,0,0,11,0,1,0,0,12,1,2,1,0,1,0,1,1,1,87,43,0,1,0,0,0,0,2,2,1,1,3,2
1,1,0,1,1,1,6,0,2,3,4,0,5,2,1,0,0,11,2,2,0,0,0,0,1,4,4,45,28,0,0,0,2,0,0,2,1,0,4,4,3
0,1,0,2,1,0,6,1,1,1,0,0,1,2,3,0,0,37,0,1,1,1,2,0,1,4,4,87,68,0,1,1,3,0,0,3,0,1,0,0,1
0,0,0,0,1,0,6,1,1,1,4,0,8,4,1,0,1,11,1,1,1,0,0,0,1,4,4,87,68,0,1,0,0,0,0,2,3,1,3,2,2
1,1,0,0,1,0,6,0,2,1,2,0,7,3,2,0,1,37,1,2,1,1,1,1,1,4,4,38,28,0,0,0,0,1,1,2,2,1,2,2,3
0,1,0,1,1,0,5,2,4,2,2,0,6,3,2,0,0,12,2,2,1,1,0,0,1,4,4,14,33,0,1,1,2,1,0,1,2,0,3,4,2
0,1,1,2,1,0,5,1,2,2,2,0,0,3,1,0,0,12,0,2,1,0,0,0,1,1,1,23,18,0,0,0,1,0,0,0,3,1,1,2,0
0,1,0,2,1,0,3,1,2,0,0,0,8,3,0,0,1,12,2,2,1,0,0,0,1,4,4,14,11,1,1,1,0,1,0,0,2,1,2,3,1
0,0,0,2,1,0,6,2,4,2,2,0,6,5,0,0,0,11,2,2,1,0,0,0,1,1,4,5,76,0,1,0,0,0,0,2,1,0,1,3,3
1,1,0,1,1,0,2,0,2,1,4,0,8,4,0,0,0,12,2,3,0,1,0,0,1,1,1,38,76,0,0,0,2,1,0,0,2,1,3,3,3
2,1,0,1,1,0,5,0,2,3,2,0,5,2,3,0,1,12,0,1,0,0,0,0,1,3,4,87,28,0,0,1,2,0,0,2,2,1,3,2,0
0,1,0,1,1,0,5,1,1,1,2,0,6,2,3,0,0,11,2,2,0,1,1,0,1,1,1,87,76,0,0,1,0,0,0,2,0,0,2,2,4
1,0,0,1,1,0,9,0,1,1,2,0,0,0,0,0,0,11,2,2,1,1,0,0,1,1,1,38,18,1,1,1,3,0,1,2,3,1,0,3,1
1,0,0,2,1,0,8,0,4,2,0,0,9,2,0,0,1,12,0,2,0,0,0,0,1,4,2,70,50,0,1,0,2,0,0,2,3,1,1,0,1
1,1,0,1,1,0,2,0,1,0,0,0,0,4,2,0,1,12,2,2,1,1,1,0,1,4,4,87,68,0,1,1,2,1,1,1,0,1,1,1,1
1,0,1,0,0,0,7,0,1,2,1,3,0,1,5,0,0,37,2,2,0,0,0,0,1,0,0,100,76,1,1,0,2,0,0,2,2,1,3,3,1
1,0,0,2,1,1,6,0,2,1,2,1,7,5,0,1,1,11,1,1,3,1,1,0,0,4,4,13,28,1,0,0,0,1,0,3,1,1,0,2,1
0,0,0,2,1,1,6,2,4,0,2,0,8,4,0,0,0,12,1,1,1,0,0,0,1,4,4,23,68,0,1,0,2,0,0,2,0,0,2,2,2
1,1,0,1,1,0,2,0,1,0,4,0,7,5,1,0,1,11,2,2,0,2,1,0,0,1,4,38,18,0,0,0,0,1,0,0,2,0,2,2,2
0,1,0,0,1,0,2,0,4,2,4,0,0,0,0,0,1,37,1,2,1,1,1,0,1,4,4,87,68,0,1,0,2,1,0,1,2,1,3,2,1
1,0,0,1,1,0,6,0,2,3,0,2,1,3,3,0,1,11,2,2,0,1,1,0,1,1,1,87,68,0,0,1,2,0,0,2,1,0,2,2,2
0,1,0,2,0,1,6,1,1,0,0,1,6,2,2,0,1,11,1,1,0,1,1,1,1,4,4,87,68,0,1,0,0,0,0,1,2,0,2,1,2
0,0,0,1,1,0,6,2,4,2,2,0,7,3,2,0,0,11,2,2,3,1,1,0,0,3,3,55,42,0,1,1,2,1,1,2,2,1,3,3,3
1,1,0,2,1,0,7,0,1,2,0,1,6,5,1,0,0,12,3,3,0,0,1,1,1,1,1,68,76,0,0,0,2,1,1,0,0,1,1,3,4
0,0,0,1,1,1,6,0,0,2,2,0,9,2,1,0,1,11,1,2,1,1,1,0,1,1,4,87,11,1,1,1,2,1,1,0,3,1,2,3,3
1,0,0,1,1,0,2,0,2,0,4,0,9,2,1,0,1,12,2,2,1,0,0,0,0,1,3,87,76,0,1,0,0,0,0,1,3,1,3,2,2
0,1,0,2,1,0,2,2,1,0,0,1,6,3,2,0,0,12,1,3,0,1,0,1,1,1,1,23,47,0,1,0,0,1,1,0,1,0,3,4,4
0,0,0,2,1,0,6,0,2,2,2,1,0,3,1,0,1,12,3,3,1,1,1,0,1,4,4,25,60,0,1,0,0,1,0,0,3,1,3,1,1
1,1,0,0,1,0,3,1,1,1,2,1,1,1,2,0,0,12,2,0,0,0,0,0,1,4,3,38,76,0,1,0,0,0,0,0,2,1,3,1,0
1,0,0,1,1,0,6,0,2,1,0,1,0,0,0,0,0,11,3,2,0,1,1,0,1,1,1,87,68,0,1,0,0,0,0,1,2,1,2,1,1
0,0,0,2,1,1,5,1,0,0,3,1,1,3,4,0,1,12,2,3,1,1,1,0,1,3,4,119,84,1,1,1,1,0,0,0,2,1,2,2,3
0,1,0,1,1,0,2,0,4,2,4,0,10,2,0,0,1,11,0,2,3,1,0,0,1,1,1,87,68,1,1,0,0,1,0,1,0,1,4,1,0
0,0,1,2,1,0,2,0,4,2,4,0,0,0,0,1,0,12,1,2,1,0,0,0,1,1,1,23,76,1,1,0,0,1,0,0,3,1,3,2,3
1,0,0,2,1,1,9,0,0,0,4,0,9,3,0,0,1,12,1,2,0,1,1,0,1,1,1,87,18,0,0,0,0,1,1,2,1,0,2,3,1
1,1,0,1,0,0,6,0,2,2,0,1,6,1,2,0,1,11,2,2,1,1,1,0,1,1,1,87,76,1,1,1,2,1,1,0,1,3,4,2,2
1,0,0,1,1,0,5,0,1,0,2,0,6,3,1,0,1,11,1,2,0,1,1,0,1,4,4,87,23,1,1,0,2,0,0,0,0,1,1,1,2
2,0,0,1,1,0,3,0,2,1,2,0,8,2,1,0,1,12,1,2,0,1,1,0,1,4,1,38,57,0,1,0,0,0,0,1,0,1,2,1,2
3,0,1,1,1,0,7,0,3,3,0,2,0,0,0,0,0,37,2,3,1,0,0,1,1,1,1,38,76,0,1,0,0,0,1,2,3,1,3,2,1
1,0,0,2,1,0,6,0,3,0,2,0,0,2,3,0,1,11,2,2,0,1,1,0,1,4,4,87,68,1,1,0,2,1,0,1,3,1,2,2,1
1,1,0,2,1,0,2,0,1,3,4,0,8,4,1,0,1,12,2,2,0,1,1,0,1,4,4,87,68,0,1,0,2,0,0,0,2,0,3,0,2
0,0,0,1,1,0,0,2,4,2,2,0,1,4,2,0,0,12,2,1,1,0,0,0,1,4,4,87,76,1,1,1,2,0,1,3,2,1,2,1,2
0,1,0,2,0,0,2,2,4,2,1,1,0,3,3,0,0,12,2,2,0,0,0,0,1,3,1,58,88,0,1,0,0,0,0,0,1,1,1,2,0
1,0,0,2,1,1,8,0,1,0,4,0,11,0,0,0,0,12,1,2,3,1,1,0,1,1,1,87,76,0,1,0,2,1,0,2,1,0,2,2,2
1,1,0,2,1,0,5,0,2,3,4,0,3,0,0,0,0,12,3,3,0,0,1,0,1,4,4,125,76,0,1,0,2,0,0,2,0,1,3,2,3
2,0,0,1,1,0,3,0,2,1,4,1,5,3,4,0,1,12,3,3,0,0,0,1,1,1,1,92,61,1,1,1,0,0,0,0,2,0,2,3,2
0,1,0,2,1,0,2,1,1,0,0,2,6,2,2,0,1,12,2,2,0,1,1,0,1,1,1,116,85,0,1,0,2,0,1,2,0,3,1,2,3
1,0,0,2,1,1,9,0,2,3,1,1,6,4,1,0,0,12,2,3,0,1,1,0,1,1,1,87,39,0,1,0,2,0,0,1,3,1,3,1,1
0,0,0,1,1,1,3,0,0,2,2,0,0,4,1,0,1,11,2,2,3,0,0,0,1,0,0,87,23,1,1,1,0,0,0,2,3,0,3,4,3
0,0,0,2,1,0,2,2,1,0,1,2,8,2,1,0,0,37,0,2,0,0,0,0,0,1,1,26,44,0,1,0,3,0,1,0,3,0,2,1,3
0,0,0,2,1,1,2,1,4,2,4,0,5,6,1,0,1,12,2,2,1,0,0,0,0,4,4,135,18,0,0,0,0,0,0,0,2,1,2,2,2
1,0,0,0,1,1,5,1,1,0,4,0,1,1,4,0,1,11,2,2,0,1,1,0,1,4,4,87,76,0,1,0,2,1,1,2,3,0,2,1,2
1,0,0,1,1,1,9,0,2,1,2,1,8,1,3,1,0,11,2,1,0,1,1,0,1,1,1,44,48,0,0,1,2,0,0,0,0,1,2,2,3
0,0,0,2,1,0,5,2,4,0,2,0,5,6,1,0,1,12,2,2,0,0,0,0,1,1,1,14,28,0,1,0,3,1,0,3,2,1,2,2,2
1,0,0,2,1,0,5,0,2,0,2,1,6,5,1,1,0,35,1,2,3,1,1,1,1,4,1,24,20,1,1,1,0,1,1,2,2,1,3,3,4
0,1,0,1,1,0,5,0,0,0,2,0,8,4,0,0,0,11,2,2,0,1,1,0,1,1,1,27,76,0,1,1,2,0,1,1,0,1,2,2,1
1,0,0,2,1,0,6,0,2,1,0,0,7,2,1,0,1,37,0,0,1,1,1,0,1,4,4,87,76,0,1,0,1,0,0,0,3,1,2,2,2
1,1,0,2,1,0,7,0,2,1,4,0,11,1,0,1,0,12,3,3,3,0,0,1,1,1,1,14,76,0,1,0,0,0,0,2,2,1,2,2,0
1,1,0,2,1,0,2,0,2,1,4,0,11,2,0,0,1,12,2,2,0,1,1,0,1,4,4,87,68,0,1,0,2,0,0,2,1,1,1,1,2
3,1,0,0,1,0,2,0,5,3,4,0,7,1,2,0,1,12,2,2,0,1,1,0,1,1,1,87,68,0,1,0,0,0,0,0,0,1,2,0,1
1,1,0,1,0,0,5,0,3,3,2,0,6,4,3,0,1,12,1,1,0,1,1,0,1,1,4,87,68,0,1,0,2,1,0,1,3,0,0,2,2
1,1,0,0,1,0,4,0,1,1,4,0,12,0,0,1,1,12,3,3,0,1,1,0,1,1,4,2,76,1,1,0,0,1,0,2,2,1,1,2,0
1,0,0,1,1,0,6,0,1,0,0,1,1,3,3,0,1,11,2,2,1,1,1,0,1,4,4,87,19,0,1,1,0,1,1,0,2,1,2,2,3
2,0,0,2,1,0,8,0,5,3,2,0,9,4,0,0,1,12,0,2,1,1,1,0,1,3,4,100,11,0,0,0,3,0,0,2,3,1,0,2,1
1,0,0,1,1,0,9,0,3,3,1,2,7,2,2,0,1,12,2,2,0,1,1,0,1,0,0,87,76,0,1,0,1,0,0,0,2,1,2,3,2
0,1,0,0,1,0,3,1,4,2,2,0,0,0,0,0,0,12,3,3,0,1,1,1,1,1,1,16,76,0,1,0,0,1,0,0,0,1,4,3,3
1,0,0,2,1,1,5,0,2,0,4,0,0,0,0,0,1,12,3,3,3,1,2,0,1,4,3,87,68,0,1,1,1,1,0,0,1,0,0,2,2
1,0,0,1,1,0,2,0,1,0,2,1,6,4,2,0,0,11,2,2,1,1,1,0,1,1,1,87,68,0,1,0,0,0,0,0,1,3,3,2,3
1,0,0,1,1,0,5,0,1,0,4,1,7,3,2,0,0,11,0,1,1,1,1,0,1,1,1,87,68,0,1,1,2,0,0,0,2,1,1,2,3
1,0,0,1,1,0,5,0,1,0,4,0,8,4,0,0,1,13,0,1,0,1,2,0,1,3,1,87,15,1,1,1,0,0,1,2,1,1,3,3,2
1,1,0,1,1,0,4,0,3,2,3,2,1,6,3,0,0,11,3,2,1,1,1,0,1,1,1,87,18,0,1,0,0,0,0,0,0,1,3,2,2
2,0,0,2,1,0,8,0,3,3,0,2,6,5,0,0,1,12,0,2,0,1,1,0,1,1,1,4,38,0,1,0,0,0,0,2,3,1,2,2,2
0,0,0,2,1,0,3,2,4,0,2,0,9,2,1,0,0,11,2,3,1,1,1,0,1,1,1,23,23,0,1,0,1,1,0,2,1,1,3,3,1
2,1,0,2,0,0,2,0,2,1,4,0,0,0,0,0,1,37,3,3,0,1,1,0,1,4,4,100,76,0,0,0,2,0,0,1,0,1,4,1,0
1,1,0,2,0,1,6,0,3,3,0,0,5,6,2,0,1,12,1,2,0,1,0,0,1,4,4,87,76,0,0,1,2,1,0,0,2,3,2,2,2
2,0,1,2,1,0,6,0,1,2,3,1,0,0,0,0,0,37,2,1,2,1,1,0,1,4,4,14,76,1,1,0,0,0,0,2,3,1,3,0,0
1,1,0,2,1,0,2,1,4,2,4,0,0,0,0,0,1,14,3,3,3,1,1,0,1,1,1,84,76,0,1,1,2,0,0,0,0,1,2,2,2
0,1,0,0,1,0,6,0,0,2,0,0,9,1,1,0,1,17,1,2,1,0,0,0,1,1,1,87,68,0,0,1,0,0,0,2,2,0,2,4,4
0,1,0,2,1,1,6,1,1,0,0,1,1,2,3,0,1,12,3,3,1,1,2,0,1,2,4,120,68,1,1,0,1,1,1,0,3,1,0,0,2
1,0,0,2,1,0,5,0,1,0,4,0,5,6,1,0,1,12,1,3,1,2,1,0,1,4,1,87,68,0,1,0,2,1,1,2,3,0,0,0,1
0,1,0,2,1,0,2,0,4,2,2,0,8,3,1,1,0,11,2,2,3,1,2,0,1,1,1,87,18,0,1,1,2,1,0,0,0,1,1,2,2
2,1,0,2,1,0,2,0,1,0,4,0,1,2,3,0,0,12,0,2,0,1,0,0,1,1,1,87,39,0,1,0,2,1,0,0,2,1,2,1,2
1,1,0,2,1,0,9,0,1,2,0,0,7,5,1,0,0,12,2,2,3,2,2,0,1,1,1,87,68,0,1,0,2,1,0,2,2,1,2,2,3
0,0,0,1,1,0,6,2,0,3,4,0,7,3,2,0,0,11,2,2,1,0,0,0,1,4,4,87,68,0,1,0,3,0,0,0,3,1,2,2,0
1,0,0,2,0,0,7,0,3,1,4,0,11,0,1,1,0,32,3,3,0,1,1,0,1,4,4,14,76,1,1,0,2,0,0,2,3,1,0,1,0
1,0,0,2,1,0,2,0,1,0,2,2,10,2,0,0,0,12,1,2,3,0,0,0,1,1,1,23,18,0,1,0,0,1,0,0,3,1,4,2,4
0,0,0,2,0,0,9,1,4,0,1,0,5,4,1,1,0,12,2,2,0,0,0,0,1,2,2,87,76,1,0,0,2,0,0,0,1,0,3,0,0
0,1,0,1,1,0,3,1,1,1,2,0,0,2,2,0,0,12,2,2,0,1,1,0,0,1,1,38,18,1,1,0,1,0,0,1,1,1,3,2,2
2,1,0,0,1,1,2,0,1,0,0,1,7,3,1,0,0,12,1,2,3,1,1,0,1,1,1,23,23,0,1,0,0,0,0,2,2,1,2,1,1
0,0,0,2,1,1,3,2,4,0,4,0,7,2,2,0,0,12,3,2,0,0,0,0,1,1,1,14,76,0,1,0,0,1,0,2,2,1,4,3,4
2,1,0,1,1,0,2,0,2,1,2,1,8,4,0,0,0,10,0,0,0,1,2,0,1,1,1,73,63,0,0,1,0,0,0,2,2,1,1,2,1
0,1,0,2,1,0,7,0,4,0,4,0,2,2,0,0,0,12,2,3,0,0,0,0,1,1,1,14,28,0,1,0,2,1,0,2,2,1,1,2,3
0,1,0,2,1,0,5,0,0,2,2,0,5,3,3,0,0,12,1,2,0,0,0,0,1,1,1,87,28,0,1,0,0,1,0,2,2,1,3,1,2
0,1,0,2,1,0,2,0,4,2,4,0,10,3,0,0,1,12,2,2,0,1,0,0,1,4,4,87,76,0,1,0,0,1,1,2,2,0,2,1,2
1,1,0,2,1,0,5,0,2,3,4,0,7,3,0,1,1,12,2,2,0,0,0,0,1,4,1,87,68,0,1,0,2,0,0,2,2,1,4,1,1
1,1,0,2,1,0,5,0,2,2,2,0,9,4,0,0,0,12,2,2,0,1,0,0,1,1,1,14,28,0,1,0,2,0,0,2,2,1,3,1,1
0,1,0,1,1,0,3,2,4,0,3,1,5,3,1,0,0,12,2,1,3,1,0,0,1,1,4,87,68,1,1,0,2,0,0,1,3,1,3,2,1
1,0,0,2,0,0,5,0,2,0,4,0,8,2,3,0,0,29,1,2,0,0,1,1,1,1,1,87,76,1,1,0,0,1,0,0,3,1,1,2,2
0,0,0,2,0,0,3,1,4,1,0,1,0,2,3,0,1,12,2,2,0,1,1,0,1,1,1,38,23,0,1,0,0,1,0,3,2,0,3,2,3
0,1,0,1,1,0,4,1,0,0,4,0,8,5,0,0,1,12,3,3,1,0,0,0,0,4,4,77,31,0,0,1,0,1,0,0,2,1,2,3,4
2,0,0,1,1,1,6,0,3,3,0,2,5,4,2,0,1,11,2,2,0,0,1,0,1,4,4,97,76,0,0,1,0,0,1,0,1,1,2,2,4
2,0,0,1,1,1,2,0,2,1,2,0,7,3,1,0,0,11,3,3,1,0,0,0,1,4,4,87,68,0,1,0,2,0,0,0,2,1,4,2,0
0,0,0,1,1,0,5,2,4,2,4,0,9,3,0,0,0,12,2,1,1,0,1,0,1,3,3,52,76,0,1,0,0,1,0,3,2,1,3,3,2
2,1,1,2,1,0,3,0,4,2,4,0,5,3,0,0,0,12,2,1,0,0,0,0,1,1,1,38,18,0,1,0,0,0,0,2,0,1,3,2,2
1,1,0,1,1,0,2,0,0,0,2,0,5,2,1,1,0,11,0,1,1,0,0,0,1,1,1,14,11,0,0,0,2,0,0,0,2,1,1,4,3
0,0,0,2,1,1,5,0,1,1,4,0,6,3,3,0,1,12,1,1,0,1,1,0,0,4,4,134,23,0,0,0,2,0,1,3,2,0,1,3,3
1,1,0,1,1,1,6,0,1,3,2,0,0,0,0,0,1,12,1,2,1,0,0,0,0,1,1,14,11,0,0,1,0,1,1,2,1,1,3,3,3
1,1,0,0,1,0,2,0,0,0,2,1,10,1,1,0,1,37,3,2,3,2,1,0,1,1,1,23,18,0,1,1,0,1,0,2,3,1,2,2,1
0,0,0,2,1,0,3,2,4,2,4,0,11,1,0,1,0,12,3,2,1,1,0,0,1,1,1,121,18,1,1,0,0,1,1,2,1,1,4,2,2
0,0,0,2,1,0,8,2,4,2,0,0,8,3,1,0,0,12,0,1,1,0,0,0,1,1,1,14,11,0,1,1,0,0,0,2,1,1,2,3,2
1,1,0,1,1,0,3,1,2,1,1,1,0,0,0,0,1,12,3,3,1,0,0,0,0,1,1,100,75,0,1,0,2,1,0,3,2,1,2,1,2
0,0,0,1,1,0,9,0,4,2,2,1,0,0,0,0,1,11,3,3,3,1,1,0,1,1,4,14,76,0,1,0,0,0,0,0,1,3,3,2,3
0,1,0,2,1,0,7,0,0,2,4,0,9,3,0,1,0,36,1,2,3,1,2,0,1,1,1,87,76,1,0,1,0,0,0,2,2,1,2,2,2
0,1,0,2,0,0,6,1,1,0,0,0,0,0,0,0,1,37,2,3,0,1,0,0,1,1,1,87,68,0,1,0,2,0,0,1,2,1,2,2,2
2,1,0,1,1,0,5,0,2,1,0,0,1,2,4,0,0,12,2,2,0,1,1,0,1,1,1,14,11,0,1,1,0,0,1,0,2,1,2,2,2
0,0,1,2,1,1,7,0,3,0,0,1,0,0,0,0,0,37,2,3,1,0,0,0,1,0,0,10,23,1,1,0,0,0,0,0,3,1,0,0,0
1,0,0,2,1,1,6,0,1,0,4,0,5,3,3,0,1,11,1,2,3,1,0,0,1,4,3,118,76,0,1,0,1,1,0,2,2,0,2,2,4
0,0,0,2,1,1,0,1,0,1,3,1,0,2,1,0,0,48,2,2,0,1,1,0,1,1,1,62,92,0,1,0,2,0,0,2,3,1,2,0,1
0,0,0,1,1,1,9,1,0,1,4,0,11,0,1,1,0,12,2,2,1,1,0,0,1,1,3,87,76,1,1,0,1,0,0,2,3,1,2,4,4
1,1,0,1,1,0,9,0,1,0,0,1,0,0,0,0,1,40,2,2,0,1,1,0,1,1,1,133,23,1,0,0,2,1,0,0,2,0,3,2,2
2,0,1,0,1,0,3,0,5,1,3,3,0,0,0,0,0,37,1,0,1,1,1,0,1,1,1,100,76,0,1,0,0,0,0,2,3,1,1,2,1
0,0,0,0,1,0,9,0,4,2,4,0,12,0,0,0,1,37,2,2,0,2,1,0,1,1,1,79,36,0,0,0,0,1,0,1,0,1,2,2,2
2,0,0,2,1,0,6,0,2,3,2,0,7,2,3,0,1,37,2,2,0,1,1,0,1,3,3,14,76,0,1,0,0,1,0,2,1,1,3,3,3
0,0,0,2,1,0,1,1,1,0,2,0,5,3,4,0,1,12,2,2,0,0,0,0,0,0,0,131,86,0,1,0,2,1,0,0,3,1,2,2,3
1,0,0,2,0,0,9,0,3,1,4,0,9,2,0,1,1,12,2,2,3,1,1,0,1,4,3,87,76,0,0,0,0,0,1,0,3,1,2,4,4
0,0,0,2,1,0,3,2,4,2,4,0,10,2,0,0,0,12,2,3,3,0,0,0,1,1,1,38,76,0,1,0,0,0,0,2,3,1,3,1,4
0,0,0,2,1,1,8,2,4,0,4,0,0,0,0,0,0,12,0,2,0,1,0,1,1,1,1,87,18,0,1,0,0,1,0,2,3,1,2,2,3
1,1,0,1,1,0,2,0,0,0,4,0,4,0,0,1,0,12,3,3,0,0,0,1,1,1,1,14,76,0,1,0,2,0,0,3,0,1,4,0,0
1,0,0,1,1,1,9,0,3,1,0,2,1,2,3,0,0,11,2,2,0,0,0,0,1,1,1,87,68,0,0,0,0,1,1,2,1,0,2,2,2
0,1,0,2,1,0,9,0,4,2,3,0,5,0,6,0,0,12,2,1,3,0,0,0,0,1,1,87,18,1,1,1,0,1,0,2,2,1,2,2,4
0,0,0,1,1,0,2,0,4,2,0,0,7,2,2,0,0,12,1,2,1,0,0,0,0,1,1,14,18,1,1,0,0,1,0,1,3,1,3,0,0
0,1,0,0,1,0,5,2,4,2,0,0,7,2,2,0,1,12,2,2,0,0,0,0,0,1,4,25,76,0,1,0,2,1,0,2,0,1,3,2,2
0,0,0,2,1,1,6,2,4,2,2,0,7,2,2,0,0,37,2,2,3,0,0,0,1,0,0,87,68,1,1,0,0,1,1,2,1,1,2,2,2
0,0,0,2,1,0,0,0,0,0,4,0,10,3,0,0,1,12,1,3,1,1,1,0,1,1,1,87,68,0,1,0,0,1,1,2,3,0,3,4,4
3,0,0,1,1,0,6,1,1,0,4,0,1,3,3,0,1,12,3,2,1,1,1,0,1,4,4,87,68,0,0,0,1,0,0,1,3,1,0,0,0
2,0,0,1,0,0,3,1,2,0,0,1,0,0,0,0,0,12,2,2,3,1,1,0,1,0,0,29,76,0,1,0,2,0,0,1,2,1,2,0,0
3,1,0,1,1,1,9,0,2,3,4,0,7,5,0,0,1,12,2,3,2,1,0,1,1,1,1,100,76,0,0,0,2,0,1,1,2,0,2,2,2
1,0,0,2,1,1,9,0,2,0,0,1,0,6,1,0,1,11,1,2,0,0,0,0,1,4,4,87,76,1,1,0,0,1,0,2,1,1,3,2,2
0,0,0,2,1,0,8,0,0,2,2,1,10,4,1,0,1,12,1,2,3,0,0,0,1,1,1,124,11,0,1,0,0,1,0,2,3,1,2,2,2
0,0,0,2,1,0,9,2,4,2,4,0,12,0,0,1,0,46,1,1,0,0,1,0,1,4,1,87,68,1,1,0,0,0,0,2,3,1,3,2,3
2,0,0,2,1,0,8,0,5,3,0,0,5,4,2,0,1,12,2,2,0,1,1,0,0,0,0,8,28,0,1,0,2,0,0,0,1,1,2,1,2
0,0,0,2,1,0,2,0,0,2,4,0,9,3,0,1,0,12,1,2,0,1,0,0,1,1,1,87,23,0,1,0,0,0,0,1,3,1,2,2,1
0,0,0,0,1,1,2,2,1,0,0,2,1,2,3,0,0,37,0,0,0,1,1,0,1,4,4,87,76,0,0,0,2,0,0,2,1,1,2,1,1
0,0,0,2,1,0,0,2,4,2,4,0,8,0,3,0,0,12,2,3,0,1,1,0,1,1,1,14,11,0,1,1,2,0,0,2,2,1,2,3,3
0,0,0,1,1,1,9,2,4,2,4,0,6,4,0,0,0,11,1,2,0,1,1,0,1,0,0,38,23,0,1,0,2,1,0,0,3,1,4,4,4
1,1,0,2,1,0,5,0,1,0,2,0,1,6,2,0,1,11,1,2,1,0,0,0,1,0,0,53,76,0,1,0,0,0,0,0,1,1,0,3,4
0,0,0,2,1,0,2,0,4,2,4,0,0,0,0,0,1,12,0,2,3,2,1,1,0,4,4,87,23,0,1,0,0,1,0,2,2,3,2,1,2
1,0,0,1,1,1,0,0,2,1,4,0,9,3,1,0,0,37,3,3,1,1,1,0,1,0,0,14,11,0,1,0,2,0,1,0,3,1,1,2,3
1,0,0,2,1,0,6,1,0,0,0,0,0,2,3,0,1,37,2,3,1,1,1,1,1,0,3,61,68,1,0,1,0,0,0,0,3,1,0,0,0
1,1,0,2,1,0,3,0,1,2,2,0,5,1,2,0,1,12,2,2,0,1,1,1,1,4,4,38,23,0,1,0,0,1,0,2,0,1,1,2,3
0,0,0,1,1,0,8,0,4,2,0,0,3,0,0,1,0,12,1,2,3,0,0,0,1,1,1,87,76,1,1,0,2,0,0,1,1,1,3,3,1
1,0,0,1,1,0,5,0,1,2,4,0,8,3,3,0,1,11,3,3,0,2,2,0,1,4,4,87,68,0,1,0,0,0,1,1,1,1,0,0,0
1,1,0,0,1,0,2,0,2,0,2,1,5,3,2,0,1,12,1,1,3,1,2,0,1,4,3,57,76,1,1,0,0,1,0,0,1,1,2,2,2
0,0,0,1,1,0,2,2,4,2,2,0,9,1,2,0,0,12,3,2,0,0,0,0,1,4,1,87,23,1,1,0,0,0,0,0,3,1,3,1,1
0,1,0,1,1,1,5,1,4,0,4,0,8,2,1,0,1,37,1,2,1,1,0,0,1,4,4,30,76,0,1,0,2,1,0,0,2,1,3,0,1
0,1,0,1,1,0,6,2,4,1,0,0,6,5,0,0,0,11,2,3,1,0,0,0,1,4,4,87,68,0,1,1,0,1,1,0,3,0,3,4,4
3,0,0,0,1,1,9,0,4,2,4,0,9,3,2,1,0,11,3,3,1,0,0,0,1,1,4,14,28,0,1,0,2,0,0,1,1,1,1,3,2
1,0,0,2,0,0,3,1,1,1,4,0,9,2,1,0,0,12,3,3,0,0,0,0,1,1,4,87,34,0,1,0,0,1,0,2,3,0,2,1,2
0,1,0,1,1,0,6,1,0,0,4,0,0,0,0,0,0,12,3,3,1,0,0,0,0,2,1,37,18,0,1,0,0,1,0,1,1,1,2,2,0
2,1,0,1,1,0,2,1,1,0,2,1,0,0,1,0,0,37,3,3,1,0,0,0,1,4,4,14,11,0,1,0,2,1,1,0,2,1,4,1,1
1,0,0,1,1,0,6,2,4,2,2,0,7,1,3,0,0,12,2,3,1,1,0,0,1,4,3,87,76,0,1,0,0,0,0,2,1,1,2,2,2
1,0,0,2,1,0,5,0,1,0,2,0,9,4,1,1,0,12,1,2,0,0,1,0,1,1,1,100,23,1,0,0,0,1,0,2,3,1,0,1,0
0,1,0,2,1,0,2,0,0,2,3,1,5,2,4,0,1,12,0,1,0,0,0,0,1,4,4,87,76,1,1,1,0,0,1,0,2,1,2,2,2
1,0,0,2,1,0,0,0,1,0,4,0,8,2,1,0,1,12,1,2,0,1,0,0,1,0,0,87,68,0,1,0,2,0,1,2,2,1,3,1,2
1,1,1,0,1,1,2,0,2,3,4,0,0,0,0,0,0,27,0,1,2,1,1,1,1,1,1,68,76,0,1,0,0,1,0,0,2,1,4,2,2
0,1,0,2,0,1,2,0,1,0,2,0,12,1,0,0,1,12,2,3,1,1,0,0,1,4,4,87,68,0,0,0,2,0,0,2,0,0,3,0,2
1,0,0,2,1,0,5,0,0,0,4,0,10,3,0,0,1,12,0,1,1,1,1,0,1,4,4,14,76,0,1,0,2,0,0,0,2,1,2,2,2
1,0,0,2,1,0,9,0,3,3,0,1,5,3,2,0,0,12,3,2,3,1,1,1,1,1,2,25,33,0,1,0,0,1,0,2,0,1,2,2,2
0,0,0,2,0,0,3,1,0,0,4,0,6,3,1,0,0,12,2,2,0,1,1,1,1,4,4,100,68,0,1,0,1,0,0,2,3,1,3,1,1
1,1,0,2,1,0,2,0,2,3,2,0,0,0,0,0,0,12,1,2,3,1,1,0,1,4,4,87,68,0,0,0,0,1,0,2,2,3,3,3,3
0,0,0,2,1,0,3,1,0,2,2,0,7,2,2,0,0,12,2,2,1,0,0,0,1,1,1,14,16,0,1,0,2,0,0,3,0,1,3,1,1
2,0,0,1,1,1,6,0,2,3,2,0,6,4,2,0,0,11,2,2,0,0,0,1,1,1,1,23,18,0,1,0,2,1,0,0,3,1,4,4,4
2,1,0,1,1,1,2,0,2,3,2,2,8,4,0,0,1,12,0,2,3,1,1,1,1,4,4,100,76,0,0,0,2,1,0,3,2,3,3,2,4
0,0,0,2,1,0,2,0,0,2,2,0,8,4,1,0,1,12,1,1,0,1,1,0,1,3,2,87,76,0,1,1,0,1,1,0,2,1,4,2,2
1,1,0,1,1,0,5,1,1,3,2,0,5,5,1,0,1,12,2,1,1,0,0,0,1,1,4,86,67,0,1,1,2,0,1,0,1,1,1,3,2
1,1,0,2,1,0,6,0,2,3,4,0,6,7,0,0,1,11,2,2,2,1,1,0,1,4,4,87,68,0,1,1,0,1,0,2,3,1,4,4,4
1,1,0,1,0,0,6,0,2,0,4,0,9,1,1,1,1,11,2,2,0,1,0,1,1,1,4,99,76,0,0,0,0,1,0,0,2,3,2,2,2
3,1,0,1,1,0,2,1,1,3,4,1,5,5,1,0,0,12,2,1,1,0,0,1,1,1,1,23,63,0,1,0,0,0,1,1,2,1,3,4,4
1,0,0,2,1,0,2,0,1,0,2,0,12,0,0,1,0,12,0,2,0,1,1,1,1,1,1,87,76,0,1,0,0,1,0,0,3,1,1,2,2
1,1,0,2,1,0,2,0,3,1,0,1,9,3,1,1,1,12,2,2,0,1,1,0,1,4,4,71,58,0,1,1,2,1,1,0,1,1,3,2,3
2,1,0,1,1,0,2,0,2,3,2,1,6,4,2,0,1,12,2,1,1,0,0,0,1,4,4,87,76,0,1,0,0,1,1,1,2,1,2,2,1
0,0,0,1,0,0,5,2,0,2,2,0,6,3,2,0,1,12,2,2,1,1,0,0,1,3,4,87,76,0,1,1,0,1,0,1,3,1,2,3,1
0,1,0,2,1,0,5,1,1,0,2,0,1,0,2,0,0,4,2,2,1,0,1,0,1,4,4,36,82,0,0,0,2,1,0,2,2,0,4,2,0
2,1,0,1,1,0,8,0,5,3,3,2,5,6,1,0,0,11,2,2,1,0,0,0,0,1,1,45,28,0,0,0,0,0,0,2,2,1,4,2,0
1,1,0,0,0,0,5,0,3,1,4,0,12,1,0,1,1,12,2,2,3,2,1,0,1,3,3,100,76,0,1,0,2,0,0,0,0,2,2,0,1
1,0,0,2,1,0,8,0,3,1,2,0,9,2,1,0,1,12,0,1,1,1,2,0,1,1,1,87,68,0,1,1,0,0,0,0,3,3,2,2,2
3,1,1,2,1,1,9,0,2,1,3,3,0,0,0,0,0,12,1,1,0,1,1,0,1,1,1,23,76,0,1,0,2,1,0,2,2,1,4,4,4
0,1,0,1,1,1,5,2,4,2,4,0,6,3,2,0,0,11,2,3,0,0,1,0,1,4,4,87,68,0,1,1,2,0,0,3,2,1,3,3,4
1,0,0,1,1,0,6,1,1,0,2,0,1,5,4,0,0,11,2,2,1,1,1,0,1,1,1,23,28,0,1,0,0,1,1,0,1,1,3,2,1
0,0,0,2,1,1,9,2,4,0,0,0,0,3,5,0,0,12,2,2,0,1,1,0,1,4,4,87,68,0,1,1,0,0,0,2,2,0,2,2,2
2,1,0,1,1,0,3,0,2,1,2,0,7,3,1,1,1,12,1,0,1,1,0,0,1,4,4,87,76,1,1,0,1,0,1,1,1,1,3,2,1
0,1,1,2,1,0,2,0,4,2,1,2,0,0,1,0,0,12,1,1,0,0,1,0,1,1,1,45,28,0,1,0,2,0,0,0,2,1,2,1,1
2,1,0,2,1,0,0,0,2,0,4,0,7,3,2,1,0,12,2,2,0,1,1,0,1,1,1,100,11,0,1,1,2,1,0,2,1,1,2,2,2
0,0,0,0,1,0,5,0,1,1,4,0,0,1,2,0,1,51,1,2,0,0,1,1,0,4,1,104,68,0,0,0,2,1,0,2,1,1,2,2,1
0,0,0,1,1,0,8,0,4,2,4,0,2,1,0,0,1,12,0,1,1,1,1,0,1,4,1,87,68,0,1,0,0,1,0,0,1,1,1,2,3
1,1,0,0,1,1,6,0,5,3,4,0,12,1,0,1,1,45,2,3,1,2,2,0,1,4,4,87,76,0,1,0,0,1,1,2,2,1,3,2,2
0,1,0,1,1,0,3,1,1,0,2,0,0,0,0,0,1,12,1,1,3,1,0,0,1,1,1,87,23,1,1,1,0,1,0,2,2,1,2,2,3
1,1,0,1,1,0,6,0,2,3,0,0,0,3,3,0,1,11,2,2,3,1,1,0,1,4,4,87,68,0,1,1,2,1,1,0,2,3,2,3,2
2,1,0,0,1,0,9,0,2,3,0,2,0,0,0,0,1,34,3,3,0,0,1,1,1,1,1,87,11,0,1,0,0,1,1,0,3,0,3,2,1
3,0,0,1,0,1,9,0,4,2,4,0,8,4,1,0,1,11,3,2,1,0,0,1,1,4,1,87,68,0,1,0,2,1,0,3,0,0,2,1,0
0,1,0,2,1,0,2,0,0,2,2,1,10,2,0,1,0,20,1,1,0,1,1,0,1,4,4,14,76,0,0,1,1,1,0,2,3,1,3,3,3
1,0,0,0,1,1,6,0,2,3,0,2,7,2,1,0,1,12,2,2,0,2,2,0,1,1,3,87,76,0,1,0,0,1,1,2,2,3,2,2,1
0,0,0,1,1,0,0,0,0,0,4,0,7,1,1,0,0,12,3,3,3,1,1,0,1,1,1,38,23,1,1,0,2,0,0,3,1,1,2,1,2
0,0,0,1,1,0,3,2,4,2,4,0,9,1,3,1,0,12,1,2,0,0,0,0,1,1,1,14,11,0,1,0,1,0,1,2,2,1,3,2,2
0,1,0,2,1,0,3,0,0,2,2,0,10,1,1,0,0,12,2,1,3,0,0,0,1,1,1,79,63,0,1,0,2,1,0,2,3,1,2,3,3
1,0,0,1,1,1,3,0,2,0,3,2,7,3,1,0,1,12,2,2,0,0,0,0,1,1,1,87,73,0,1,0,1,1,1,1,2,1,2,3,2
0,0,0,1,1,1,5,1,4,2,0,1,5,0,2,0,1,11,2,2,3,0,0,0,1,0,0,87,68,0,0,0,2,1,1,2,1,0,2,2,1
0,1,0,2,1,0,2,0,4,2,2,0,3,0,0,0,1,12,2,1,3,0,0,0,1,1,1,100,23,0,1,0,1,1,0,0,1,1,0,1,1
1,0,0,0,1,0,8,0,2,1,2,0,6,4,2,0,0,12,0,2,3,1,1,0,1,1,4,87,68,0,1,1,2,1,0,2,3,0,3,3,3
1,0,0,0,1,0,9,0,3,0,4,0,7,1,1,0,1,11,2,2,0,1,1,0,0,4,4,87,68,1,1,0,2,1,0,2,3,0,2,3,1
0,1,1,2,1,1,2,2,2,3,3,1,1,2,0,0,0,12,0,1,1,1,1,0,0,4,1,14,11,0,1,0,0,1,0,0,3,3,2,2,3
0,1,0,1,1,0,2,0,0,2,4,0,7,6,0,0,1,11,1,1,0,1,1,1,1,1,1,23,68,0,0,0,2,0,0,0,3,1,3,0,2
0,1,0,1,1,0,4,1,1,0,2,0,1,2,2,0,1,12,3,3,1,1,1,0,1,1,1,87,68,0,1,1,0,1,1,0,1,0,2,3,3
1,0,0,2,0,0,6,0,4,2,4,0,1,3,1,0,1,11,2,2,0,1,1,0,1,3,4,87,76,0,1,0,2,0,0,2,2,1,3,3,3
0,0,0,2,0,0,8,2,4,2,4,0,11,2,0,0,1,12,0,2,1,1,0,0,1,4,1,87,18,0,1,1,0,1,0,2,3,1,3,4,4
0,1,0,2,1,0,2,0,1,0,2,0,7,3,2,0,1,37,2,2,1,1,1,0,1,4,4,87,32,0,0,0,0,0,1,0,0,1,1,1,2
0,1,0,1,1,1,5,1,1,0,0,2,1,2,3,0,0,11,1,1,1,0,0,0,1,1,4,110,76,0,1,1,2,0,0,1,2,1,2,2,2
1,0,0,1,0,0,6,1,1,1,4,0,9,2,1,0,1,11,2,2,0,1,1,0,1,3,4,87,76,0,1,0,0,0,0,0,0,2,3,0,0
0,0,0,2,0,0,5,1,4,2,4,0,8,4,1,0,0,12,2,2,1,1,1,0,1,4,4,87,76,0,0,1,1,0,0,0,2,1,2,4,1
1,0,0,2,1,1,2,0,2,1,4,0,10,3,0,1,1,12,2,2,1,1,1,0,1,4,3,56,76,1,1,0,1,1,1,2,1,0,3,2,3
0,0,0,0,1,0,8,0,4,2,0,1,12,2,0,0,1,12,0,2,3,2,2,0,1,4,1,95,51,0,1,0,2,0,0,2,3,0,3,3,2
0,1,0,2,1,0,5,0,3,2,3,1,1,4,2,0,1,12,2,2,1,1,1,0,1,4,4,87,76,0,0,0,0,1,0,1,2,1,2,2,2
1,1,0,0,0,0,2,0,2,1,2,0,6,5,2,0,1,12,3,3,1,2,2,0,1,1,4,87,68,0,1,1,0,1,1,3,2,3,4,3,2
0,0,0,1,1,0,0,2,4,0,4,0,5,6,2,0,1,12,2,2,1,1,1,0,1,4,4,87,11,0,1,0,2,0,0,1,1,1,2,2,3
0,0,0,2,1,0,2,2,4,2,4,0,8,1,3,0,1,2,1,2,1,1,1,0,1,4,4,90,76,1,1,1,0,1,0,1,1,1,2,2,1
3,0,0,1,0,0,9,2,0,0,0,0,1,2,2,0,0,39,2,2,0,1,1,0,0,1,4,100,68,1,1,0,0,0,1,1,1,1,2,0,0
1,1,0,1,1,0,3,0,2,0,2,0,9,3,1,1,1,12,2,2,3,1,1,1,1,4,4,87,76,0,1,1,0,0,1,1,2,3,2,2,2
0,1,0,2,1,1,5,0,0,0,3,1,7,4,2,0,1,12,2,2,0,0,1,0,1,4,4,87,68,0,1,0,0,0,0,2,0,1,4,1,2
1,0,0,2,1,0,3,0,1,0,4,0,8,4,1,0,1,12,2,2,1,0,0,0,1,1,1,107,81,0,1,0,1,0,0,0,3,1,2,1,1
1,1,1,1,1,0,7,0,3,3,4,0,0,0,0,1,0,11,2,3,1,0,0,0,1,1,1,87,76,0,1,0,2,1,0,0,3,1,2,3,2
0,0,0,2,0,1,6,1,4,2,4,0,7,6,0,0,1,12,2,1,1,1,0,0,1,3,3,100,68,1,1,0,0,0,1,2,3,1,3,2,2
2,1,0,0,1,0,7,0,3,3,2,1,1,7,3,1,1,12,3,3,0,1,1,1,1,4,3,72,76,0,0,0,0,0,0,2,3,1,0,1,0
1,0,0,1,1,0,6,0,2,1,4,0,8,4,1,0,1,37,2,2,0,0,0,0,1,4,4,111,76,0,1,0,0,1,0,2,3,1,3,3,3
1,0,0,1,1,0,6,0,2,1,4,0,10,2,0,0,0,11,2,2,1,1,0,0,1,1,1,87,76,0,1,1,0,1,0,1,1,1,3,3,0
0,1,0,2,1,0,6,1,4,0,2,0,6,5,0,0,1,11,3,1,1,0,0,0,1,4,4,87,91,0,0,0,0,0,0,2,2,1,3,3,3
0,0,0,0,1,0,5,2,0,2,4,0,12,1,0,0,1,11,2,3,0,1,2,0,1,1,1,38,76,1,1,0,0,0,0,2,2,1,1,1,0
0,0,0,2,1,0,5,1,4,2,4,0,11,3,0,1,0,12,2,3,1,1,0,0,1,4,4,87,68,0,1,1,2,0,0,2,2,1,2,2,1
1,0,1,1,1,0,3,0,2,3,2,0,0,0,0,0,0,6,3,3,1,1,1,1,1,1,4,28,76,0,0,0,0,0,0,0,1,1,2,0,0
0,0,0,2,0,0,9,0,4,2,2,1,6,3,5,0,0,37,0,2,0,1,1,0,0,3,3,100,79,0,1,1,0,0,1,0,3,0,4,1,3
1,0,0,1,1,1,2,0,1,2,1,1,6,2,2,0,1,11,2,2,1,1,1,0,1,0,0,14,69,1,1,0,0,0,1,2,1,0,2,1,1
0,1,0,2,0,0,2,1,4,2,3,2,0,0,4,0,0,12,2,2,0,1,1,0,1,4,4,87,76,0,1,1,2,1,0,0,2,3,3,3,2
1,1,0,1,1,0,9,0,1,1,0,1,5,2,3,0,1,37,2,2,1,0,0,0,1,1,1,114,68,1,1,0,0,1,0,1,1,3,4,4,4
0,1,0,2,1,0,5,2,3,1,4,0,7,5,1,0,1,11,2,2,3,2,1,0,1,4,1,87,18,0,1,1,2,1,0,0,2,1,2,2,2
1,1,0,2,1,1,4,0,3,1,2,1,7,5,1,0,1,11,2,3,3,1,1,1,0,1,1,14,11,0,1,0,0,1,1,2,2,1,3,2,2
1,1,0,0,1,0,5,0,3,3,2,0,6,5,1,0,0,12,1,1,0,1,1,0,1,1,4,100,76,0,0,0,2,0,0,0,0,1,0,0,0
0,1,0,1,1,1,5,2,0,0,0,3,5,3,2,0,0,11,2,2,3,1,0,0,1,1,1,27,23,0,0,1,0,1,1,0,2,0,2,1,1
1,1,0,2,1,1,4,0,2,1,4,0,11,1,0,0,1,50,3,2,1,1,1,0,1,4,4,87,68,0,0,1,0,1,0,0,2,0,3,3,3
0,0,0,2,1,0,8,0,0,2,0,0,7,2,2,0,1,12,1,2,0,1,0,0,1,1,1,110,11,0,1,0,1,1,0,1,1,1,2,4,4
0,1,0,1,1,0,5,1,0,1,4,0,11,4,0,0,1,11,2,1,0,1,1,0,1,4,4,87,68,1,1,0,2,0,0,1,0,0,1,2,3
1,0,0,1,1,0,6,0,1,0,2,0,8,5,0,0,1,11,2,2,1,1,1,0,1,1,1,14,11,0,1,0,0,0,0,0,2,1,1,1,0
1,1,0,1,1,0,5,0,0,2,4,0,6,4,2,0,1,11,0,1,0,1,1,0,1,4,4,14,11,0,0,0,2,0,1,0,2,3,1,2,2
1,0,0,1,1,0,2,0,1,0,4,1,12,1,0,0,1,37,3,2,0,1,1,1,1,3,4,87,25,0,1,0,0,1,1,3,1,0,1,2,2
0,1,0,1,1,0,8,2,4,2,2,0,8,1,1,0,1,12,0,2,1,0,0,0,1,4,4,87,68,1,0,0,0,1,0,0,3,1,2,1,1
1,1,0,1,1,0,5,0,1,1,4,0,1,3,4,0,1,11,1,1,1,0,0,1,1,1,1,23,18,0,1,0,0,1,0,0,2,1,3,4,0
0,0,0,0,1,0,8,0,0,1,4,0,8,3,1,0,1,12,0,2,1,0,0,1,1,1,1,9,76,0,1,0,1,1,0,2,3,1,1,1,0
0,0,0,2,1,0,5,2,0,2,2,0,6,6,1,0,0,12,1,1,1,0,0,0,1,1,1,72,18,0,1,0,0,0,0,2,3,1,2,3,3
0,0,0,2,0,0,5,1,1,0,0,1,5,5,1,0,1,12,2,2,0,0,0,0,1,4,1,113,23,0,0,1,0,0,0,0,2,1,2,1,0
0,0,0,0,1,0,8,0,3,2,4,0,0,0,0,0,1,12,0,1,3,0,1,0,1,1,1,14,11,0,1,1,0,0,0,2,3,1,2,1,1
0,1,0,1,1,0,2,1,1,1,4,0,5,3,4,0,0,37,2,3,1,0,0,1,1,4,4,87,68,0,1,0,2,0,0,1,1,1,2,1,2
0,0,0,1,1,0,2,0,0,2,4,0,5,4,2,0,1,11,0,1,3,1,1,0,1,1,1,87,18,0,0,0,0,0,1,0,3,3,3,2,2
3,1,0,1,1,1,9,0,1,2,4,0,0,0,0,0,0,37,2,2,0,0,0,1,1,3,4,79,63,0,0,1,2,0,0,0,1,3,2,2,2
0,0,0,2,1,0,9,2,4,2,4,0,8,3,1,0,1,37,2,2,0,1,1,0,1,4,4,87,28,0,1,0,2,1,1,1,3,0,2,3,2
2,0,0,1,1,0,6,0,5,3,2,1,6,2,3,0,1,37,2,2,1,1,0,0,1,4,3,109,87,0,1,1,0,0,0,2,2,1,3,3,3
1,0,0,0,1,0,6,1,1,3,0,1,0,2,5,0,1,12,1,2,0,2,2,0,1,4,3,87,68,0,1,1,2,1,0,3,3,0,2,2,2
1,1,0,1,0,0,5,0,1,0,2,0,6,4,3,0,1,12,2,2,0,1,1,0,1,0,0,20,76,0,1,0,2,1,0,2,2,0,2,2,2
1,0,0,2,1,0,0,0,2,2,4,1,6,2,3,0,0,37,1,1,1,1,0,1,1,1,1,23,23,0,1,0,2,1,0,2,1,1,1,1,2
1,0,0,2,0,0,6,0,2,1,3,1,0,3,4,0,0,11,2,2,1,1,1,0,1,4,4,87,68,0,1,1,0,0,0,2,1,0,2,2,2
1,1,0,2,0,1,6,0,2,1,2,1,8,3,1,0,1,11,2,2,0,1,1,0,1,4,4,87,76,0,0,0,2,0,0,2,2,0,1,1,3
0,0,0,2,1,0,6,1,0,2,0,0,0,3,4,0,0,11,2,2,1,1,1,0,0,4,3,42,76,0,1,0,0,1,0,2,3,1,2,1,1
1,0,0,2,1,0,2,0,2,3,2,0,9,4,0,1,1,12,2,3,0,2,1,1,1,1,1,21,76,1,0,1,2,0,1,1,1,3,1,1,1
0,1,0,0,0,1,2,1,4,2,0,1,5,0,4,0,0,37,2,1,3,2,2,0,0,4,2,87,68,1,1,0,2,0,0,0,2,1,3,0,0
0,0,0,1,1,1,3,1,3,1,2,2,0,0,0,0,0,37,3,3,0,0,0,0,1,1,1,38,11,1,1,1,0,0,1,0,2,1,3,2,4
1,1,0,1,0,0,5,1,3,3,4,1,5,5,2,0,1,37,0,2,0,0,0,0,0,1,4,87,76,1,0,0,0,0,1,0,2,0,1,1,1
3,0,0,1,1,1,9,1,1,1,4,0,1,7,1,0,0,12,3,3,1,0,0,0,0,1,1,82,65,0,0,0,0,0,0,2,1,1,4,2,1
1,0,0,2,1,0,3,0,1,0,0,1,8,2,2,0,0,37,1,1,3,1,1,0,1,1,1,38,76,0,1,0,0,1,0,0,1,1,2,1,1
1,1,0,2,1,0,0,0,2,1,4,0,0,5,3,0,0,12,2,2,3,0,1,0,1,1,1,14,76,0,1,0,2,0,0,3,2,1,4,0,2
0,1,0,2,1,0,5,1,0,0,2,0,7,2,2,0,1,37,1,2,0,0,0,0,1,4,4,87,90,0,1,0,0,0,0,2,2,1,2,2,1
0,0,0,1,1,0,6,0,4,2,4,0,11,1,1,0,1,11,2,2,1,1,1,0,1,4,4,100,68,0,1,0,0,0,0,0,3,1,2,1,1
1,1,0,2,1,0,8,0,1,0,2,0,10,3,0,0,1,12,2,2,0,0,0,0,0,1,4,87,76,0,1,0,2,1,0,2,2,1,3,3,3
2,0,0,1,1,0,9,0,1,3,4,0,12,0,0,0,1,12,2,2,0,0,0,1,1,4,1,47,11,0,1,0,2,1,1,0,3,1,3,2,1
1,1,0,2,1,1,2,0,2,3,4,0,0,0,0,0,1,12,2,1,1,1,1,0,1,4,4,87,68,0,1,0,0,1,0,0,1,0,2,3,2
2,1,0,0,1,0,5,0,1,0,0,1,5,2,2,0,1,37,2,2,0,1,1,0,1,4,4,87,76,0,1,1,2,1,0,0,0,2,3,2,3
1,1,0,2,1,0,2,0,0,0,2,1,11,1,0,1,0,12,2,2,3,1,1,0,1,1,1,14,11,0,1,1,0,0,0,2,2,1,1,2,2
2,0,0,2,1,0,2,0,2,1,0,1,8,2,2,0,1,12,2,2,1,1,1,0,1,0,0,38,18,0,1,0,0,0,0,2,1,1,1,1,1
1,1,0,1,0,0,5,0,1,0,4,0,12,0,0,1,0,12,1,1,0,1,1,0,1,4,4,87,11,1,0,0,2,0,1,0,2,1,2,1,2
0,1,0,2,1,1,5,1,0,2,0,0,0,3,3,0,1,49,2,2,0,0,0,0,1,4,1,115,91,0,1,1,0,1,0,2,0,0,2,3,3
1,0,0,1,1,0,6,0,2,3,4,0,7,2,2,1,1,11,1,2,0,1,1,0,1,4,4,87,23,1,0,1,1,0,1,0,1,0,2,3,2
0,0,0,1,1,1,2,2,3,0,4,0,8,2,2,0,0,37,3,2,0,0,0,0,1,4,1,32,21,0,1,0,0,0,0,0,1,0,2,3,3
1,0,0,2,1,1,2,0,1,0,2,0,9,3,0,1,0,12,1,2,3,0,0,0,1,1,1,100,24,0,0,1,0,1,0,2,3,1,2,4,4
3,1,0,1,1,1,9,0,2,3,4,0,12,1,0,0,0,11,3,3,3,0,0,0,1,1,1,38,18,0,1,0,0,0,1,0,3,1,2,2,2
2,0,0,0,0,1,2,0,4,0,3,1,0,0,0,1,1,12,1,2,1,1,1,0,1,0,0,87,84,0,0,0,0,0,0,0,2,1,2,2,1
1,1,0,2,1,0,2,1,1,0,3,2,6,4,1,0,1,12,1,2,3,1,1,0,1,1,1,14,11,0,1,0,0,1,1,0,0,0,3,2,3
2,1,0,1,1,0,5,0,5,3,4,1,12,0,0,0,0,11,2,2,0,0,0,0,1,4,1,38,11,0,0,0,0,1,0,2,0,1,4,4,4
0,0,0,1,0,0,3,1,1,2,3,2,1,1,1,0,0,47,2,1,0,1,1,0,1,1,1,87,23,0,1,0,1,1,0,1,1,1,2,2,1
0,0,0,1,1,1,6,0,4,2,2,0,0,4,2,0,1,11,2,3,1,2,1,0,1,4,1,87,23,0,0,0,0,0,0,0,3,1,2,1,0
2,1,0,0,1,0,5,0,5,3,2,0,6,3,1,1,0,11,0,1,0,1,1,0,1,4,4,14,76,1,1,0,2,0,0,1,0,1,0,1,1
0,1,0,2,1,0,2,2,0,2,2,0,6,3,2,0,0,25,3,2,0,1,0,0,1,1,1,49,8,0,1,0,0,1,0,2,2,1,3,2,2
3,1,0,0,1,0,2,0,2,3,4,0,9,3,0,1,0,11,2,2,0,1,1,1,1,1,1,66,54,0,0,0,0,1,0,2,3,1,3,3,3
1,1,0,2,1,1,9,0,4,1,2,1,0,2,3,0,1,12,2,2,1,0,0,0,1,1,4,87,33,0,1,0,0,0,1,1,2,3,3,4,2
1,0,0,2,1,0,3,1,1,1,4,0,7,4,1,1,0,12,2,2,3,0,0,0,1,4,4,100,68,1,0,0,1,0,1,2,3,1,1,2,1
1,1,0,1,1,1,6,0,3,0,0,0,13,0,0,1,1,37,1,1,1,1,1,0,1,4,4,45,23,0,1,1,1,0,1,0,1,2,3,3,2
1,1,0,2,1,0,5,0,0,0,2,0,8,3,1,0,0,44,1,2,1,1,1,0,0,3,4,132,76,1,1,1,0,0,0,2,2,1,2,2,2
3,1,1,0,0,0,0,0,2,0,3,1,0,0,0,1,0,37,1,1,1,0,0,0,1,1,3,23,76,1,0,0,2,0,1,1,3,1,3,3,3
0,0,0,2,1,1,3,1,1,1,4,1,9,2,1,0,1,12,2,2,0,0,0,0,1,1,4,87,33,0,1,1,2,1,0,2,0,3,3,4,4
1,0,1,0,1,0,3,1,1,1,4,0,0,0,0,0,0,12,2,2,3,1,1,0,1,4,4,87,76,1,1,0,1,0,0,0,1,0,3,4,4
2,1,0,2,1,0,6,0,2,3,4,0,2,0,0,0,1,37,1,1,1,1,1,0,1,1,1,87,68,0,0,0,0,1,0,0,2,0,3,3,2
3,1,0,1,1,1,9,0,5,3,0,3,11,1,0,1,0,12,2,2,2,0,0,0,1,1,1,43,26,0,1,0,2,1,1,2,0,1,3,4,3
0,0,0,2,1,1,3,0,0,2,2,0,8,3,0,0,0,12,3,2,1,1,1,1,1,1,4,133,23,0,1,0,2,0,0,2,2,1,2,1,2
0,0,0,1,1,1,3,0,4,2,4,0,6,1,3,0,1,11,2,2,1,1,1,1,1,1,4,87,34,0,1,1,2,0,1,0,2,1,2,1,2
3,0,0,0,1,1,9,0,0,0,4,0,11,1,0,0,1,12,3,3,1,0,0,0,1,4,4,100,76,0,0,0,0,1,0,0,3,1,3,3,2
0,1,0,1,0,1,9,1,0,0,0,2,9,2,4,1,1,37,2,1,3,2,1,1,1,1,1,23,23,1,1,1,1,1,1,1,1,0,3,3,3
3,1,0,2,1,0,2,0,5,3,2,0,7,3,1,0,0,12,2,2,0,0,0,0,1,1,4,14,11,0,1,1,0,1,1,2,0,1,4,4,4
3,1,0,2,1,1,9,0,1,0,0,0,9,2,1,1,1,12,3,3,0,1,1,1,1,1,1,76,70,0,0,0,2,1,1,3,3,1,0,0,0
1,1,0,2,1,1,2,0,2,0,0,1,6,4,2,0,0,12,1,2,1,1,1,0,1,0,0,87,11,0,1,1,0,0,0,2,0,1,3,3,3
1,0,0,2,1,0,2,0,4,2,3,0,1,4,2,0,1,12,2,2,1,1,0,0,1,4,4,87,76,0,1,0,0,0,0,2,3,0,3,2,3
3,1,0,1,1,0,2,0,5,3,4,1,5,4,2,1,1,12,3,3,1,0,1,0,1,1,1,45,11,0,0,0,2,1,1,3,3,0,0,0,2
2,1,0,1,1,1,2,0,5,1,4,0,5,4,2,1,1,12,2,2,3,1,1,1,1,4,1,87,30,0,1,0,0,1,1,1,1,3,3,2,3
0,1,0,1,1,0,2,0,0,2,0,2,7,3,2,0,1,12,1,3,0,1,1,0,0,3,1,87,11,0,0,1,2,0,0,1,1,1,1,1,1
1,0,0,2,1,1,2,0,3,3,4,1,1,6,0,0,1,12,1,1,3,1,0,0,1,1,4,127,76,0,0,0,2,0,0,0,0,1,4,3,3
1,0,0,2,1,1,2,0,5,1,0,0,1,2,3,0,0,37,3,3,0,1,1,0,0,1,4,88,23,1,1,0,0,0,0,2,1,0,2,1,4
0,0,0,2,1,1,6,0,4,2,2,0,8,2,0,0,0,12,2,2,3,1,0,0,1,1,1,38,76,0,0,0,2,0,0,2,3,1,4,1,2
1,0,0,1,0,0,5,0,0,2,2,0,0,3,3,0,0,12,1,2,1,0,0,0,0,1,1,23,76,0,1,1,0,1,1,2,3,1,3,3,3
1,0,0,2,1,0,9,0,4,2,4,0,11,0,0,0,0,12,1,2,0,1,1,0,1,1,1,14,11,0,1,0,2,1,0,2,1,1,4,1,0
2,0,0,2,1,0,0,0,2,1,4,0,9,2,1,1,0,12,1,1,0,0,0,1,1,4,4,100,76,0,1,1,0,0,1,2,3,1,3,4,4
